,eng_word,rus,fr
0,for,для,pour
1,for,для,de
2,for,для,à
3,for,для,aux
4,for,для,par
5,for,для,dans
6,for,для,au
7,for,для,en
8,for,для,sur
9,for,для,puisque | qui
10,for,ради,pour | pourquoi
11,for,ради,permettant | argent
12,for,ради,durant | argent
13,for,в течение,pendant | à destination de | moyennant
14,for,в течение,par
15,for,в течение,durant
16,for,в течение,pour | pour une période
17,for,в течение,depuis | sur une période
18,for,в течение,puisque | sur une période
19,for,в отношении,pendant | concernant
20,for,в отношении,au titre de | en matière | au titre
21,for,в отношении,à destination de | en matière | à l'encontre | dans le domaine
22,for,в отношении,durant | quant au
23,for,в отношении,moyennant | concernant
24,for,для целей,pour
25,for,для целей,au titre de | en matière | au titre
26,for,для целей,à destination de | en matière
27,for,ибо,car
28,for,ибо,puisque | depuis | que | puisqu'
29,for,чтобы,pour | pour que | pouvoir
30,cafe,кофейня,café
31,cafe,буфет,no_equality
32,cafe,кафе-ресторан,café
33,cafe,кафе-ресторан,cafétéria
34,cafe,кафе-ресторан,bar
35,follow,следовать,suivre | poursuivre | faire suite | s'ensuivre | suivez-moi
36,follow,следовать,respecter | se conformer | prendre | observer | emprunter
37,follow,следовать,poursuivre
38,follow,следовать,appliquer | pratiquer
39,follow,следовать,obéir
40,follow,следовать,adopter | accompagner
41,follow,следовать,se conformer
42,follow,следить,suivre | surveiller | superviser | poursuivre | faire suite | s'ensuivre | suivez-moi
43,follow,следить,observer | respecter | regarder
44,follow,следить,prendre | regarder
45,follow,следить,adopter | faire attention
46,follow,следить,se conformer | contrôler | observer | occuper
47,follow,следить,emprunter | contrôler
48,follow,следить,longer | contrôler
49,follow,следить,pratiquer | faire attention
50,follow,соблюдать,suivre | poursuivre | faire suite | s'ensuivre | suivez-moi
51,follow,соблюдать,respecter | observer | se conformer à | respect | prendre | se conformer | emprunter
52,follow,соблюдать,appliquer | pratiquer
53,follow,соблюдать,observer
54,follow,соблюдать,adopter | se conformer aux | se conformer au
55,follow,соблюдать,imiter | maintenir
56,follow,соблюдать,accompagner | se conformer aux
57,follow,соблюдать,longer | honorer | se conformer aux
58,follow,сопровождать,accompagner | adopter | se conformer | enchaîner
59,follow,сопровождать,respecter | escorter
60,follow,сопровождать,observer | escorter
61,follow,идти,suivre | venir | poursuivre | faire suite | s'ensuivre | suivez-moi
62,follow,идти,poursuivre
63,follow,идти,prendre
64,follow,идти,respecter | rentrer | prendre | retourner | entrer
65,follow,идти,observer | rentrer
66,follow,идти,se conformer | continuer
67,follow,идти,emprunter | rentrer | continuer
68,follow,идти,accompagner | marcher
69,follow,идти,pratiquer | partir
70,follow,выполнять,respecter | exercer | exécuter | se conformer | mettre en œuvre | prendre | observer | emprunter
71,follow,выполнять,appliquer | remplir
72,follow,выполнять,se conformer
73,follow,выполнять,poursuivre | jouer
74,follow,выполнять,imiter | tenir
75,follow,выполнять,accompagner | accomplir
76,follow,выполнять,faire suite | s'acquitter | faire | tenir | satisfaire
77,follow,выполнять,longer | honorer
78,follow,выполнять,pratiquer | s'acquitter | appliquer
79,follow,вытекать,découler | succéder
80,follow,далее следовать,suivre | poursuivre
81,follow,далее следовать,respecter | se conformer | prendre | observer
82,follow,далее следовать,poursuivre
83,follow,далее следовать,appliquer | par ailleurs | pratiquer
84,follow,далее следовать,se conformer
85,follow,далее следовать,adopter | en outre
86,follow,далее следовать,emprunter | en outre | respecter
87,follow,далее следовать,faire suite | ensuite | suivre
88,follow,далее следовать,longer | en outre
89,follow,далее следовать,s'ensuivre | ensuite
90,follow,повторять,no_equality
91,follow,последующий,poursuivre | ultérieur | ultérieurement
92,follow,последующий,pratiquer | ultérieur
93,warm,теплый,chaud
94,warm,теплый,chaleureux | chauffer | se réchauffer | chaleur | accueil | chaleureusement | accueillante
95,warm,сердечный,cordial | cardiaque
96,warm,сердечный,chaleur | cardiaque
97,warm,сердечный,accueil | cardiaque
98,warm,сердечный,accueillante | cardiaque
99,warm,согревать,chaud
100,warm,согревать,réchauffer | chauffer | échauffer | se réchauffer | chaleur
101,warm,погреться,se réchauffer | chaleureux | réchauffer | chauffer | échauffer | chaleur | chaleureusement
102,warm,утеплить,no_equality
103,warm,тепло,chaud
104,warm,тепло,chaleureux | chaleur | chaleureusement | chauffer | se réchauffer | accueil | accueillante
105,warm,тепло,chaleur
106,warm,тепло,chaleureusement
107,warm,тепло,conviviale | vivement
108,warm,разминка,chaleureux | un exercice
109,warm,разминка,réchauffer | échauffement
110,warm,разминка,chauffer | échauffement
111,warm,разминка,échauffer | échauffement
112,warm,разминка,se réchauffer | échauffement
113,warm,разминка,accueil | occupe l' | un exercice
114,warm,разминка,chaleureusement | échauffement | entrainement
115,collide,сталкиваться,entrer en collision | rencontrer
116,collide,сталкиваться,heurter | rencontrer | se heurter
117,collide,сталкиваться,se heurtent | rencontrer
118,collide,сталкиваться,s'entrechoquent | rencontrer | confrontés
119,collide,сталкиваться,se rencontrent | rencontrer
120,collide,конфликтовать,no_equality
121,collide,наехать,se heurtent | tomberont dessus
122,collide,наехать,s'entrechoquent | tomberont dessus
123,collide,наехать,se rencontrent | tomberont dessus
124,collide,соударяться,no_equality
125,collide,в конфликт,entrer en collision | en conflit | dans le conflit | au conflit
126,collide,в конфликт,s'entrechoquent | en conflit
127,collide,в конфликт,se rencontrent | en conflit
128,break,ломать,briser | se briser
129,break,ломать,casser | cassure | se casser
130,break,нарушать,briser | se briser
131,break,нарушать,enfreindre
132,break,нарушать,violer
133,break,разбивать,briser | se briser
134,break,разбивать,casser | cassure | se casser
135,break,разорвать,briser | se briser
136,break,разорвать,rompre | percer | rompu | repos | se rompre
137,break,разорвать,sortir | interruption
138,break,прорваться,percer | rompre | forcer | se rompre | relâche
139,break,прорваться,briser | traverser | retraverser
140,break,прорваться,arrêter | traverser
141,break,прорваться,fracture | traverser
142,break,прорваться,se briser | traverser
143,break,разрушить,briser | ruiner | se briser
144,break,разрушить,rompre | percer | rompu | repos | se rompre
145,break,разрушить,rupture | détruire
146,break,разрушить,relâche | gâcher
147,break,вырваться,rompre | percer | rompu | repos | se rompre
148,break,вырваться,sortir | interruption
149,break,вырваться,échappée | échapper
150,break,разбиться,casser | s'écraser | se crasher
151,break,разбиться,rupture | te tuer
152,break,разбиться,cassure | s'écraser
153,break,разбиться,fracture | te tuer
154,break,разразиться,no_equality
155,break,пробить,briser | se briser
156,break,пробить,percer | rompre | perforer | tracer | frapper | se rompre | relâche
157,break,пробить,enfreindre | perforer | transpercer
158,break,пробить,interruption | immatriculation
159,break,пробить,coupure | coque
160,break,пробить,péter | pénétrer
161,break,преодолеть,sortir | surmonter | interruption
162,break,преодолеть,rompre | surmonter | combler
163,break,преодолеть,enfreindre | transcender
164,break,преодолеть,percer | relever
165,break,преодолеть,fracture | franchir | combattre
166,break,отколоться,no_equality
167,break,вырывать,arrêter | arracher
168,break,вырывать,fracture | arracher
169,break,преломлять,no_equality
170,break,перерыв,pause | suspendue
171,break,перерыв,break
172,break,перерыв,interruption | sortir | rupture
173,break,разрыв,rupture | fracture | interruption | coupure
174,break,разрыв,fracture | arrêter
175,break,разрыв,enfreindre | différence
176,break,пролом,relâche | brèche
177,break,каникулы,vacance | chance
178,break,передышка,enfreindre | faire une pause
179,break,передышка,pause | d'une pause | faire une pause
180,break,передышка,fracture | du retard
181,break,передышка,péter | répit
182,tiger,тигр,tigre | tiger | tigrée
183,tiger,тигр,tiger
184,tiger,зверь,no_equality
185,tiger,тигриный,no_equality
186,lion,лев,lion
187,lion,лев,lev
188,lion,львиный,no_equality
189,background,фон,fond | de fond | fond d'écran
190,background,фон,arrière-plan | arrière plan | arrière-fond
191,background,предпосылка,arrière-plan | condition préalable
192,background,предпосылка,information | condition préalable | condition
193,background,предпосылка,arrière plan | condition préalable
194,background,предпосылка,formation | condition préalable
195,background,предпосылка,background | condition préalable
196,background,предпосылка,second plan | condition préalable
197,background,предпосылка,arrière-fond | condition préalable
198,background,происхождение,origine | information | histoire
199,background,происхождение,expérience | provenance
200,background,происхождение,second plan | provenance | ascendance
201,background,происхождение,arrière-fond | provenance
202,background,подготовка,formation | information | élaboration | rédaction | production | arrière-fond
203,background,подготовка,contexte | entraînement
204,background,подготовка,arrière-plan | préparation
205,background,подготовка,antécédent | rédaction
206,background,подготовка,historique | production
207,background,подготовка,arrière plan | préparation
208,background,история,antécédent
209,background,история,historique | histoire | version
210,background,история,passé
211,background,история,histoire | origine
212,background,история,contexte | conte
213,background,сведения,information | intention | origine | formation | arrière-fond
214,background,сведения,contexte | attention
215,background,сведения,expérience | renseignement | renseignement
216,background,сведения,second plan | connaissance
217,background,фоновый режим,de fond | fond | fond d'écran
218,background,фоновый режим,contexte | traitement
219,background,фоновый режим,arrière-plan | en arrière-plan
220,background,фоновый режим,information | situation
221,background,фоновый режим,historique | situation
222,background,фоновый режим,arrière plan | en arrière-plan
223,background,фоновый режим,histoire | situation
224,background,фоновый режим,arrière-fond | en arrière-plan
225,background,опыт,expérience | référence | expertise
226,background,опыт,contexte | compétence
227,background,опыт,arrière-plan | savoir-faire
228,background,опыт,historique | pratique
229,background,опыт,arrière plan | savoir-faire
230,background,опыт,arrière-fond | savoir-faire
231,background,справочная информация,historique | histoire
232,background,справочная информация,information | informations générales
233,background,справочная информация,formation | informations générales
234,background,справочная информация,arrière-fond | informations générales
235,background,история вопроса,historique | histoire
236,background,прошлое,antécédent
237,background,прошлое,passé
238,background,прошлое,histoire | origine | historique
239,background,образование,formation | information | instruction | arrière-fond
240,background,образование,historique | instruction | scolarisation
241,background,корень,arrière-plan | racine
242,background,корень,arrière plan | racine
243,background,корень,arrière-fond | racine
244,background,исходная информация,information | informations générales
245,background,исходная информация,formation | informations générales
246,background,исходная информация,arrière-fond | informations générales
247,background,контекст,contexte
248,background,общие сведения,historique | histoire
249,background,общие сведения,arrière-plan | renseignements de caractère général
250,background,общие сведения,information | informations générales | information de base
251,background,общие сведения,référence | cadre général
252,background,общие сведения,arrière plan | renseignements de caractère général
253,background,общие сведения,formation | informations générales
254,background,общие сведения,expérience | renseignements généraux | renseignements de caractère général
255,background,общие сведения,arrière-fond | informations générales
256,background,исток,historique | istok
257,background,исток,histoire | istok
258,background,фоновое изображение,arrière-plan | d'arrière-plan | représentation
259,background,фоновое изображение,arrière plan | d'arrière-plan
260,background,фоновое изображение,arrière-fond | d'arrière-plan
261,background,фоновая,contexte | concentration
262,background,фоновая,information | concentration
263,background,фоновая,formation | concentration
264,background,фоновая,second plan | concentration
265,background,фоновый,de fond | fond | fond d'écran
266,background,фоновый,arrière-plan | en arrière-plan
267,background,фоновый,arrière plan | en arrière-plan
268,background,фоновый,arrière-fond | en arrière-plan
269,background,справочный,référence | expérience
270,background,второстепенный,no_equality
271,write,писать,écrire | écriture | rédiger | prescrire
272,write,писать,écriture
273,write,писать,inscrire | peindre
274,write,писать,enregistrer | peindre
275,write,записывать,écrire | rédiger | écriture
276,write,записывать,enregistrer | inscrire | graver | prescrire | noter
277,write,записывать,noter
278,write,выписывать,prescrire | écrire | inscrire | enregistrer
279,write,выписывать,noter | contravention
280,write,выписывать,note | contravention
281,write,вписать,écrire | rédiger | prescrire | écriture
282,write,вписать,faire | faire rentrer | faire entrer
283,write,вписать,inscrire | faire rentrer
284,write,вписать,graver | faire rentrer
285,write,вписать,enregistrer | replacer | faire rentrer
286,write,списать,no_equality
287,write,письменный,écrire | écrit | écrite | par écrit
288,write,письменный,écriture | écrit
289,apologise,извиниться,s'excuser | excuser | m'excuser | t'excuser | m'excuse | vous excuser | des excuses | m'en excuse | t'excuse | vous excusez
290,apologise,извиниться,demander pardon
291,apologise,извиниться,m'excuser
292,apologise,извиниться,suis désolé
293,apologise,извиниться,m'excuse
294,fly,летать,voler | vol | survoler | s'envoler | faire voler
295,fly,летать,piloter
296,fly,летать,vol
297,fly,вылететь,s'envoler | voler | survoler | prendre l'avion | faire voler
298,fly,вылететь,décoller
299,fly,вылететь,piloter | prendre l'avion
300,fly,вылететь,braguette | être exclu
301,fly,влететь,no_equality
302,fly,подлететь,no_equality
303,fly,отлететь,no_equality
304,fly,слетаться,no_equality
305,fly,муха,mouche
306,fly,полет,voler | vol | survoler | s'envoler | faire voler
307,fly,полет,vol
308,beaver,бобр,castor
309,beaver,бобр,beaver | beav
310,beaver,Бобрик,beaver
311,beaver,Бивер,beaver
312,beaver,работяга,no_equality
313,beaver,бородач,beaver | beardface
314,beaver,бобровый,castor | castral rock
315,coincide,совпадать,coïncider | correspondre | concordent | coïncidence
316,coincide,совмещаться,coïncider | compatible
317,anything,что угодно,quelque chose | que vous voulez | quoi que ce soit | que vous voudrez | autre chose
318,anything,что угодно,quoi que ce soit
319,anything,что угодно,n'importe quoi | peu importe | qu'on veut | quoique ce soit | contraire
320,anything,ничего,quelque chose | quoi que ce soit | autre chose | quoique ce soit
321,anything,ничего,tout
322,anything,ничего,ça
323,anything,ничего,mal
324,anything,ничего,personne
325,anything,ничего,n'importe quoi | quoi
326,anything,ничего,nouveau | aucun
327,anything,ничего,contraire | rien
328,anything,все,tout | tu
329,anything,все,ça
330,anything,все,autre chose | tout le monde
331,anything,все,reste | est
332,anything,все,compte | tout le monde
333,exhaustively,исчерпывающе,exhaustivement | façon exhaustive | manière exhaustive
334,exhaustively,полностью,exhaustivement | pleinement | entièrement | totalement | intégralement | parfaitement | vraiment | exclusivement
335,exhaustively,тщательно,exhaustivement | soigneusement | attentivement | minutieusement | méticuleusement | scrupuleusement
336,exhaustively,тщательно,façon exhaustive | soigneusement | avec soin | manière approfondie
337,exhaustively,тщательно,manière exhaustive | soigneusement
338,apoplexy,удар,no_equality
339,apoplexy,инсульт,no_equality
340,apoplexy,кровоизлияние,no_equality
341,apoplexy,апоплексический,no_equality
342,coconut,кокос,noix de coco | coconut | cocotier | cocoteraie
343,coconut,мякоть кокоса,noix de coco | coconut | cocotier | cocoteraie
344,coconut,кокосовый,noix de coco | de coco | cocoanut
345,coconut,кокосовый,cocoteraie | de coco
346,not,не,pas
347,not,не,ne
348,not,не,sans
349,not,не,jamais
350,not,не,n
351,not,не,rien
352,not,не,non | on
353,not,не,ni
354,not,не,tout | tu
355,not,нет,pas
356,not,нет,ne
357,not,нет,sans
358,not,нет,non
359,not,нет,plus
360,not,нет,tout | tu
361,international,международный,international | organisation | internationalement | internationalisation | internacional
362,international,международный,mondial | mondiale
363,international,Интернационал,international | internationale | liberal international | isis international
364,international,Интернационал,internationalement | internationale
365,international,Интернационал,internationalisation | internationale
366,international,Интернационал,internacional | internationale
367,parent,родитель,parent | parental
368,parent,родитель,père
369,parent,предок,parent | ancêtre | ancêtre
370,parent,отец,parent | parental
371,parent,отец,père
372,parent,отец,principale | parrain
373,parent,родительский элемент,parental | parent
374,parent,родительский элемент,géniteur | entrée
375,parent,родительница,no_equality
376,parent,родительский,parental | parent
377,parent,исходный,no_equality
378,parent,вышестоящий,parent | notateur | notateur
379,parent,вышестоящий,origine | juridiction supérieure
380,parent,вышестоящий,géniteur | supérieur | juridiction supérieure | instance supérieure
381,parent,один из родителей,parent | l'un des parents | un parent | l'un des parents
382,ocean,океан,océan | océane
383,ocean,океан,mer
384,ocean,океан,atlantique | paquebot
385,ocean,дно океана,no_equality
386,ocean,океанский,océane | ocean
387,ocean,океанский,ocean's | ocean
388,coincidental,случайный,fortuit
389,coincidental,случайный,hasard
390,coincidental,случайный,coïncidence | accidentel | occasionnel | accident | accidentellement
391,coincidental,совпадающий,no_equality
392,coincidental,случайное совпадение,coïncidence | simple coïncidence
393,coincidental,случайное совпадение,hasard | un hasard
394,buzzer,сирена,sonnerie | serena | sirène
395,buzzer,сирена,avertisseur sonore | serena
396,buzzer,звонок,sonnette
397,buzzer,звонок,sonnerie | sonne | sonner | avertisseur sonore
398,buzzer,звонок,ronfleur | coup de fil
399,buzzer,пищалка,no_equality
400,buzzer,зуммерный,no_equality
401,dynamite,динамит,dynamite | dynamiter
402,dynamite,динамитная шашка,no_equality
403,dynamite,динамитный,dynamite | dynamique
404,dynamite,динамитный,dynamiter | dynamique
405,dynamite,взрывной,explosif
406,buy,купить,acheter | racheter | chercher | s'acheter
407,buy,купить,payer
408,buy,купить,offrir
409,buy,купить,racheter
410,buy,купить,procurer | trouver
411,buy,купить,se procurer | prendre | trouver
412,buy,продать,acheter | racheter | s'acheter
413,buy,накупить,no_equality
414,buy,подкупить,acheter | racheter | s'acheter
415,buy,подкупить,procurer | corrompre
416,buy,подкупить,souscrire | soudoyer
417,buy,подкупить,se procurer | corrompre
418,buy,подкупить,gober | corrompre
419,buy,покупка,acheter | racheter | s'acheter
420,buy,покупка,achat
421,peremptory,императивный,impératif | impérative | péremptoire
422,peremptory,императивный,récusations péremptoires | obligatoire
423,peremptory,безапелляционный,no_equality
424,member,член,membre
425,member,член,député
426,member,член,partie | fait partie | fais partie
427,member,член,collègue | couille | conseiller
428,member,член,militaire | fait partie
429,member,представитель,membre
430,member,представитель,partie | porte-parole | haut-représentant
431,member,представитель,adhérent | représentant | représentant
432,member,элемент,élément
433,member,элемент,adhérent | entrée | entrée
434,member,депутат,député
435,member,член организации,membre
436,member,член организации,organe | organisation | organisation | organisme | organiser
437,member,членский,membre | le nombre
438,childhood,детство,enfance | jeune enfant
439,childhood,детский,enfance | enfant
440,childhood,детский,infantile | orphelinat
441,childhood,детский,jeune enfant | enfant
442,go,идти,aller
443,go,идти,partir
444,go,идти,passer
445,go,идти,faire | filer
446,go,идти,sortir
447,go,идти,rentrer | prendre | retourner | entrer | monter | se rendre
448,go,идти,retourner
449,go,идти,continuer
450,go,идти,venir | suivre
451,go,идти,entrer
452,go,идти,prendre
453,go,идти,chercher | marcher
454,go,проходить,passer
455,go,проходить,faire | se faire
456,go,проходить,rentrer | traverser | se tenir
457,go,проходить,retourner | traverser | recevoir | se dérouleront
458,go,проходить,venir | suivre | avoir lieu
459,go,проходить,entrer | traverser | se tiendra
460,go,проходить,se rendre | se dérouler
461,go,ехать,aller
462,go,ехать,partir
463,go,ехать,rentrer | retourner | monter | entrer | prendre | se rendre
464,go,ехать,retourner
465,go,ехать,continuer | conduire | route
466,go,ехать,monter
467,go,ехать,venir
468,go,отправиться,aller
469,go,отправиться,partir
470,go,отправиться,faire
471,go,отправиться,rentrer | se rendre | retourner | monter | entrer | prendre
472,go,отправиться,retourner
473,go,отправиться,venir
474,go,отправиться,se rendre
475,go,перейти,aller
476,go,перейти,passer
477,go,перейти,rentrer | traverser
478,go,перейти,retourner | traverser
479,go,перейти,monter | adopter
480,go,перейти,entrer | traverser
481,go,перейти,chercher | changer
482,go,перейти,prendre | adopter
483,go,происходить,passer | se passer
484,go,происходить,faire | se faire
485,go,происходить,retourner | se produire
486,go,происходить,venir | arriver | avoir lieu
487,go,происходить,prendre | se produire
488,go,происходить,se rendre | se produire
489,plate,пластина,plaque | plaquette | plaquer
490,plate,пластина,planche
491,plate,пластина,platine | titane
492,plate,плита,no_equality
493,plate,тарелка,assiette
494,plate,лист,assiette | liste
495,plate,номерной знак,platine | plaque d'immatriculation
496,plate,номерной знак,plaquette | plaque d'immatriculation
497,plate,номерной знак,plaquer | plaque d'immatriculation
498,plate,номерной знак,immatriculation | plaque d'immatriculation
499,plate,дощечка,plaquette | tablette
500,plate,панель,panneau
501,plate,накладка,no_equality
502,plate,платформа,plaquette | plate-forme | plateforme
503,plate,платформа,plate | plate-forme
504,plate,стяжка,no_equality
505,plate,бляха,plaque | plaquette | plaquer
506,plate,толстый лист,assiette | liste
507,plate,толстый лист,platine | questionnaire
508,plate,толстый лист,plaquette | corpulent
509,plate,толстый лист,plaquer | corpulent
510,plate,толстый лист,immatriculation | questionnaire
511,plate,листовой,no_equality
512,plate,пластинчатый,no_equality
513,fish,рыба,poisson | poissonnier
514,fish,Фиш,fish
515,fish,рыбный,poisson | de poisson | poissonnerie | poissonnier
516,fish,рыбный,fish | fishy
517,fish,рыбный,halieutique | hauturière
518,fish,рыбный,pisciculture | hauturière
519,fish,ловить рыбу,pêcher | pêche | pêcheur
520,fish,удить,no_equality
521,fish,выудить,pêche | padiche
522,fish,выудить,halieutique | me soutirer
523,fish,выудить,morue | me soutirer
524,fish,выудить,pisciculture | me soutirer
525,stand,стоять,rester | se tenir | être | reposer | se tenir debout | mettre
526,stand,стоять,se tenir
527,stand,стоять,tenir debout | attendre | me tenir | tribune | être debout
528,stand,стоять,peuplement | me tenir
529,stand,устоять,résister
530,stand,выдерживать,supporter | support | reposer
531,stand,отстаивать,supporter | protéger
532,stand,отстаивать,tolérer | protéger
533,stand,отстаивать,blairer | faire valoir
534,stand,выступать,parole | parler
535,stand,выступать,rester | présenter
536,stand,выступать,supporter | constituer | présenter
537,stand,выступать,se tenir | intervenir | constituer | s'exprimer
538,stand,выступать,tenir debout | intervenir
539,stand,выступать,tribune | intervenir
540,stand,выступать,blairer | parler
541,stand,остановиться,rester | s'arrêter | s'arrête | être | se tenir | reposer | se tenir debout | mettre
542,stand,остановиться,barre | aborder | m'arrêter
543,stand,остановиться,parole | loger | parler
544,stand,остановиться,blairer | aborder
545,stand,предстать,parole | comparaître
546,stand,остаться,rester | être | se tenir | reposer | se tenir debout | mettre
547,stand,остаться,barre | garder
548,stand,замереть,parole | pas bouger
549,stand,замереть,supporter | pas bouger
550,stand,замереть,reposer | pas bouger
551,stand,замереть,se tenir debout | pas bouger
552,stand,стенд,stand
553,stand,подставка,support | supporter
554,stand,подставка,peuplement | plumier
555,stand,позиция,position
556,stand,позиция,support | poste
557,stand,позиция,supporter | poste
558,stand,позиция,tenir debout | attitude
559,stand,позиция,tribune | rubrique
560,stand,позиция,être debout | attitude
561,stand,трибуна,tribune | se tenir | tenir debout | se tenir debout | tribun | être debout
562,precedent,прецедент,précédent | antécédent | précédente
563,precedent,прецедент,jurisprudence
564,precedent,предыдущий,précédent | antécédent | précédente
565,precedent,предыдущий,jurisprudence | dernier
566,precedent,прецедентный,no_equality
567,precedent,предшествующий,précédent | précédant | antécédent | précédente
568,issue,вопрос,question | interrogation | problématique | publication | sortie
569,issue,вопрос,problème | publier | promulguer
570,issue,вопрос,sujet
571,issue,вопрос,point
572,issue,вопрос,thème
573,issue,выпуск,numéro
574,issue,выпуск,émission
575,issue,выпуск,édition
576,issue,выпуск,publication | question | point | publier | problématique | production
577,issue,выпуск,fournir | production
578,issue,выдача,délivrance | délivrer | édicter | décerner
579,issue,выдача,question | extradition
580,issue,выдача,matière | extradition
581,issue,выдача,publication | extradition
582,issue,выдача,sortie | extradition | octroi
583,issue,выдача,distribuer | extradition
584,issue,номер,numéro
585,issue,номер,problème | nombre | portable
586,issue,номер,sujet | suite
587,issue,номер,donner | nombre
588,issue,номер,problématique | immatriculation
589,issue,номер,matière | immatriculation
590,issue,номер,publication | immatriculation
591,issue,номер,sortie | suite
592,issue,номер,distribuer | suite
593,issue,вытекание,problème | couper
594,issue,вытекание,promulguer | couper
595,issue,эмиссия,émission
596,issue,выдавать,donner
597,issue,выдавать,délivrer | à délivrer
598,issue,выдавать,édicter | à délivrer
599,issue,выдавать,délivrance | à délivrer
600,issue,выпускать,publier | problème | produire | promulguer | problématique | publication | distribuer
601,issue,издавать,publier | problème | promulguer | problématique | publication | distribuer
602,issue,оформить,question | institutionnaliser
603,issue,оформить,problème | remplir | formaliser | formuler
604,issue,оформить,point | institutionnaliser
605,issue,оформить,délivrer | régulariser
606,issue,оформить,publier | remplir
607,issue,оформить,promulguer | remplir | régulariser
608,issue,оформить,édicter | décorer
609,issue,оформить,décerner | décorer
610,issue,оформить,problématique | remplir
611,issue,оформить,publication | institutionnaliser
612,issue,оформить,sortie | institutionnaliser
613,issue,оформить,distribuer | institutionnaliser
614,issue,эмиссионный,émission | d'émission
615,thousand,тыс.,no_equality
616,thousand,тысячелетие,millénaire | millier | millième | milliard | million
617,thousand,множество,mille | multiple
618,thousand,множество,millier | multiple
619,thousand,множество,centaine de | plein de
620,thousand,множество,rouble | nombreux | beaucoup de
621,thousand,тысяча долларов,mille | mille dollars | millier de dollars
622,thousand,тысяча долларов,millier | mille dollars
623,thousand,тысяча долларов,dollar | mille dollars | 1000 dollars | 1 000 dollars
624,thousand,тысяча долларов,milliard | mille dollars
625,thousand,тысяча долларов,mille-îles | mille dollars
626,thousand,тысяча,mille | millier | des milliers | millième | mil | milliard | mille-îles
627,thousand,тысяча,millier
628,thousand,тысячный,millième | mille | millier | mil | millénaire | milliard | million
629,thousand,тысячный,centaine de | la centième
630,pen,ручка,stylo
631,pen,ручка,pénitencier | poignée
632,pen,рейсфедер,no_equality
633,pen,фломастер,feutre | le marqueur
634,pen,фломастер,plume | le marqueur
635,pen,загон,enclos
636,pen,Перу,pénitencier | péruvien | péruvien
637,pen,пена,no_equality
638,pen,пенал,plume | plumier
639,pen,пенал,crayon | la boîte à crayons
640,pen,пенал,enclos | la boîte à crayons
641,pen,световое перо,plume
642,pen,световое перо,feutre | feather
643,pen,писать,écrire
644,pen,писать,pénitencier | peindre | écriture
645,pen,перьевой,no_equality
646,pasta,паста,pâtes alimentaires | dentifrice
647,pasta,блюда из макарон,no_equality
648,hot,горячий,chaud | à chaud
649,hot,горячий,sexy
650,hot,острый,épicé
651,hot,острый,piquant | piquante
652,hot,популярный,no_equality
653,hot,жгучий,brûlant | bouillant
654,hot,горячительный,no_equality
655,hot,жарко,chaleur
656,hot,горячо,no_equality
657,hot,разгоряченный,no_equality
658,hot,горящий,no_equality
659,hot,накалиться,no_equality
660,that,что,que | qu | qu'est-ce que | quel | qu'est-ce qui | qu'est ce que
661,that,что,qui | quoi
662,that,что,le | telle
663,that,что,je
664,that,будто,no_equality
665,that,дабы,no_equality
666,that,который,qui
667,that,который,celui | celui-là
668,that,который,dont
669,that,который,que | auquel | duquel
670,that,который,cela | capable
671,that,это,c
672,that,это,ce | ceci
673,that,это,cela
674,that,это,le | telle
675,that,это,il
676,that,это,je
677,that,это,celui | celui-ci
678,that,это,celui-là | celui-ci
679,that,тот самый,celui | celui-là
680,that,так,telle | tellement
681,that,таковой,telle | tel
682,be,быть,être | rester | peut-être | mettre
683,be,быть,avoir | arriver | pouvoir
684,be,быть,faire
685,be,быть,trouver
686,be,быть,se
687,be,быть,pas
688,be,происходить,avoir | arriver | avoir lieu
689,be,происходить,faire | se faire
690,be,происходить,prendre | se produire
691,be,происходить,devenir | se produire
692,be,происходить,trouver | se produire
693,be,находиться,avoir | pouvoir
694,be,находиться,être | rester
695,be,находиться,mettre | rester
696,be,находиться,trouver | se trouver
697,be,составлять,faire
698,be,составлять,être | atteindre
699,be,составлять,prendre | représenter | durer
700,be,составлять,mettre | atteindre
701,be,составлять,trouver | constituer
702,be,составлять,convient | constituer
703,be,заключаться,avoir | pouvoir
704,be,заключаться,possible | consister
705,be,идти,faire | filer
706,be,идти,prendre | rentrer
707,be,идти,être | rentrer | retourner | entrer
708,be,идти,pouvoir | poursuivre
709,be,идти,devenir | venir | prendre
710,be,идти,trouver | sortir | continuer | poursuivre
711,be,идти,convient | venir
712,be,относиться,prendre | devenir
713,be,относиться,être | traiter
714,be,относиться,mettre | traiter
715,be,равно,comme
716,be,равно,être | reste
717,be,равно,faire | finira
718,be,равно,devenir | rien
719,be,равно,mettre | reste
720,be,равно,convient | importance
721,but,но,mai
722,but,но,toutefois
723,but,но,cependant
724,but,но,sans
725,but,но,sauf
726,but,но,pourtant
727,but,но,alors
728,but,но,puis | puisque
729,but,но,mais bien | bien
730,but,а,no_equality
731,but,однако,mai
732,but,однако,toutefois | outre
733,but,однако,néanmoins
734,but,однако,cependant | en revanche | par contre
735,but,однако,pourtant
736,but,однако,or
737,but,однако,seulement | reste
738,but,однако,alors | alors que
739,but,только,mai
740,but,только,seulement | uniquement | simplement | seule
741,but,только,sauf
742,but,кроме,mai
743,but,кроме,seulement
744,but,кроме,sauf
745,but,кроме,hormis
746,but,кроме,néanmoins | sinon
747,but,кроме,que | autre que
748,and,и,no_equality
749,and,а также,no_equality
750,and,причем,no_equality
751,and,так и,no_equality
752,and,с,no_equality
753,expertise,экспертиза,spécialisation | évaluation
754,expertise,компетентность,compétence
755,expertise,мастерство,no_equality
756,expertise,квалификация,savoir-faire | qualification
757,expertise,квалификация,spécialisation | qualification
758,expertise,квалификация,savoir faire | qualification
759,expertise,опыт,expertise | expérience | exemple | expert
760,expertise,опыт,savoir-faire | savoir faire
761,expertise,опыт,compétence
762,expertise,опыт,expérience
763,expertise,опыт,connaissances spécialisées | spécialisation | spécialiste | services spécialisés
764,expertise,экспертные знания,compétence
765,expertise,эксперт,expert | expertise | expérience | experte
766,expertise,эксперт,spécialiste | connaissances spécialisées | spécialisation | spécialité | spécialisé | services spécialisés
767,expertise,профессионализм,connaissances spécialisées | professionnalisme
768,expertise,профессионализм,spécialisation | professionnalisme
769,expertise,экспертный потенциал,expertise | expérience | expert
770,expertise,экспертный потенциал,savoir-faire | savoir faire
771,expertise,экспертный потенциал,connaissances spécialisées | spécialisation | spécialiste | services spécialisés
772,expertise,экспертный потенциал,compétence | compétences techniques
773,expertise,экспертный потенциал,champs d'intérêt | compétences techniques
774,expertise,знание дела,maîtrise
775,expertise,знание дела,savoir-faire | savoir
776,expertise,знание дела,connaissances spécialisées | connaissance | connaissance
777,expertise,знание дела,savoir faire | savoir
778,expertise,деловой опыт,expertise | expérience | expert
779,expertise,деловой опыт,savoir-faire | savoir faire
780,expertise,деловой опыт,compétence | économique
781,expertise,деловой опыт,expérience
782,expertise,экспертный,compétence
783,expertise,экспертный,expertise | d'experts
784,expertise,экспертный,expert | d'experts | d'experts
785,tell,рассказывать,dire | indiquer
786,tell,рассказывать,raconter | en parler | informer | conter | relater | compter
787,tell,рассказывать,parler | en parler
788,tell,рассказывать,distinguer | histoire
789,tell,говорить,dire | indiquer
790,tell,говорить,parler | apprendre | relater
791,tell,говорить,raconter | informer | conter | compter
792,tell,говорить,annoncer | donner
793,tell,говорить,faire | taire | affirmer
794,tell,говорить,répéter
795,tell,говорить,prévenir | préciser | rien
796,tell,говорить,expliquer | exprimer
797,tell,говорить,distinguer | discuter
798,tell,сообщать,dire | indiquer
799,tell,сообщать,annoncer | dénoncer | donner
800,tell,сообщать,indiquer
801,tell,сообщать,informer | raconter | communiquer | rendre compte | distinguer
802,tell,сообщать,parler | rapporter | faire rapport
803,tell,сообщать,apprendre | rapporter
804,tell,сообщать,compter | rapporter
805,tell,указывать,dire | indiquer
806,tell,указывать,indiquer
807,tell,указывать,raconter | mentionner
808,tell,указывать,prévenir | préciser | spécifier
809,tell,указывать,annoncer | mentionner
810,tell,указывать,informer | mentionner
811,tell,указывать,donner | mentionner
812,tell,указывать,conter | mentionner
813,tell,уверять,no_equality
814,tell,велеть,raconter | ordonner
815,tell,велеть,annoncer | ordonner
816,tell,велеть,informer | ordonner
817,tell,велеть,donner | ordonner
818,tell,велеть,conter | ordonner
819,tell,подсказать,dire | indiquer la direction
820,tell,подсказать,expliquer | m'indiquer | indiquer la direction
821,tell,подсказать,indiquer | m'indiquer
822,tell,подсказать,informer | m'indiquer
823,tell,подсказать,distinguer | m'indiquer
824,tell,поведать,dire | indiquer
825,tell,поведать,raconter | informer | conter | relater | compter
826,tell,объяснить,dire
827,tell,объяснить,parler | apprendre | relater
828,tell,объяснить,expliquer | explication | indiquer
829,tell,объяснить,distinguer | justifier
830,tell,передать,dire | indiquer
831,tell,передать,donner | annoncer
832,tell,передать,raconter | transmettre | transférer | renvoyer | confier
833,tell,передать,prévenir | présenter
834,tell,передать,expliquer | exprimer
835,tell,передать,informer | communiquer | exprimer
836,tell,передать,avouer | envoyer
837,tell,передать,relater | transmettre | remettre
838,tell,передать,compter | soumettre
839,tell,попросить,faire | faveur
840,tell,попросить,dire | dire à
841,tell,попросить,parler | prier
842,tell,попросить,savoir | avoir
843,tell,попросить,prévenir | prier
844,tell,попросить,expliquer | prier
845,tell,поделиться,parler | partager | faire part
846,tell,поделиться,raconter | partager | faire connaître | faire profiter
847,tell,поделиться,prévenir | présenter
848,tell,поделиться,indiquer | communiquer
849,tell,поделиться,informer | communiquer
850,tell,поделиться,relater | partager
851,tell,отличить,distinguer | indiquer | informer
852,tell,отличить,dire | différencier
853,tell,отличить,faire | différencier
854,tell,сказаться,raconter | compromettre
855,tell,сказаться,expliquer | nuire
856,tell,сказаться,indiquer | avoir une incidence | nuire
857,tell,сказаться,informer | avoir une incidence | compromettre
858,tell,сказаться,distinguer | avoir une incidence
859,feel,чувствовать,sentir | ressentir | se sentir | impression | estimer | sentiment | sensation | senti | se sentent
860,feel,чувствовать,ressentir
861,feel,чувствовать,penser
862,feel,чувствовать,se sentir
863,feel,чувствовать,fait
864,feel,чувствовать,avoir | avoir l'impression | avoir pitié
865,feel,чувствовать,percevoir | croire | culpabiliser
866,feel,полагать,penser | ressentir | se sentir
867,feel,полагать,éprouver | considérer
868,feel,полагать,avoir l'impression | considérer
869,feel,полагать,percevoir | croire | considérer
870,feel,ощупывать,no_equality
871,feel,испытывать,ressentir | sentir | tester | penser | se sentir | estimer | sentiment | senti | se sentent
872,feel,испытывать,éprouver | percevoir
873,feel,испытывать,avoir | avoir l'impression | avoir pitié
874,feel,стесняться,sentir | être timide
875,feel,стесняться,ressentir | être embarrassé
876,feel,стесняться,estimer | être embarrassé | être timide
877,feel,стесняться,toucher | avoir honte
878,feel,стесняться,atmosphère | avoir honte
879,feel,стесняться,estimé | hésiter
880,feel,стесняться,avoir l'impression | avoir honte
881,feel,стесняться,percevoir | avoir honte
882,feel,ощущение,sens
883,feel,ощущение,sentiment | sentir | ressentir | se sentir | estimer | sensation | senti | se sentent
884,feel,ощущение,sensation
885,feel,ощущение,avoir l'impression | j'ai l'impression | on dirait
886,news,новость,nouvelle
887,news,новость,info | information
888,news,новость,nouveau | nouveauté
889,news,весточка,nouvelle | tu as des nouvelles | tu as des nouvelles
890,news,Ньюс,news
891,news,новинка,nouveauté | nouveau
892,news,выпуск новостей,nouvelle
893,news,выпуск новостей,news
894,news,выпуск новостей,actualité
895,news,выпуск новостей,information | publication | production | info
896,news,выпуск новостей,journal
897,news,известия,nouvelle
898,news,новостной,journal | un journal
899,news,новостной,nouveau | un journal
900,start,начать,démarrer | démarrage
901,start,начать,débuter | début
902,start,начать,entamer
903,start,начать,mettre | se mettre
904,start,начать,départ | point de départ
905,start,начать,lancer
906,start,начать,engager
907,start,начать,entreprendre
908,start,начать,reprendre
909,start,начать,déclencher
910,start,начать,commencer | commencer à | déclencher | amorcer
911,start,начать,recommencer | commencer à | lancer | entamer | prendre | reprendre | entreprendre
912,start,начать,partir | repartir
913,start,начать,lancement | commencer à
914,start,начать,commencement | commencer à
915,start,начать,déclenchement | commencer à
916,start,запустить,démarrer | démarrage
917,start,запустить,faire
918,start,запустить,mettre | entamer | se mettre
919,start,запустить,lancer | recommencer | lancement | déclencher | déclenchement | se lancer
920,start,запустить,déclencher | commencer
921,start,вздрагивать,no_equality
922,start,завести,démarrer | démarrage
923,start,завести,faire
924,start,завести,recommencer | fonder | prendre
925,start,завести,entreprendre | fonder
926,start,завести,reprendre | fonder
927,start,заняться,commencer | s'occuper
928,start,заняться,faire
929,start,заняться,entreprendre
930,start,заняться,débuter | étudier
931,start,заняться,recommencer | se pencher sur | entreprendre | commencer
932,start,заняться,entamer | examiner
933,start,заняться,partir | traiter
934,start,заняться,mettre | traiter
935,start,заняться,abord | aborder
936,start,заняться,reprendre | aborder | se pencher sur
937,start,затеять,no_equality
938,start,начало,début | débuter
939,start,начало,départ | point de départ
940,start,начало,démarrage | démarrer
941,start,начало,lancement | commencer | recommencer | entamer | commencement | ça commence | lancer | entreprendre | déclenchement | se lancer
942,start,начало,commencement
943,start,начало,partir | a entrepris
944,start,начало,reprendre | a entrepris
945,start,старт,début | débuter
946,start,старт,départ | point de départ
947,start,начальный,no_equality
948,intelligent,умный,intelligent | brillant | intelligence | intelligemment
949,intelligent,разумный,no_equality
950,intelligent,осмысленный,no_equality
951,intelligent,продуманный,no_equality
952,intelligent,неглупый,intelligent | intelligence | intelligemment
953,intelligent,микропроцессорный,no_equality
954,intelligent,понятливый,no_equality
955,intelligent,мыслящий,no_equality
956,intelligent,программируемый,no_equality
957,intelligent,настраиваемый,intelligence | personnalisable
958,intelligent,понимающий,intelligence | compréhensible
959,refugee,беженец,réfugié
960,refugee,беженка,réfugié
961,refugee,беглец,no_equality
962,refugee,беженский,no_equality
963,create,создавать,créer | élaborer
964,create,создавать,établir
965,create,создавать,instaurer | constituer | construire | produire | susciter | faire naître
966,create,создавать,produire
967,create,создавать,constituer
968,create,создавать,former | fonder | offrir
969,create,создавать,offrir
970,create,создавать,causer
971,create,создавать,donner | fonder
972,create,создавать,engendrer | mettre en place des
973,create,создавать,mettre en place | mettre en place des
974,create,порождать,produire | instaurer
975,create,вызывать,susciter | instaurer | constituer | causer
976,create,вызывать,causer
977,create,вызывать,donner | entraîner
978,create,вызывать,produire | provoquer
979,create,вызывать,engendrer | entraîner
980,create,вызывать,mettre en place | appeler | entraîner
981,create,производить,produire | instaurer | fabriquer | procéder à
982,create,производить,créer | procéder à
983,create,производить,mettre en place | effectuer
984,create,производить,faire naître | faire
985,create,разработать,créer | élaborer | rédiger
986,create,разработать,établir
987,create,разработать,élaborer
988,create,разработать,mettre en place | engendrer | mettre au point | faire naître | entraînent
989,create,разработать,instaurer | mettre au point | trouver | mettre sur pied
990,create,разработать,produire | formuler | adopter | proposer
991,create,разработать,constituer | mettre au point
992,create,разработать,former | formuler
993,create,разработать,offrir | formuler
994,create,образовать,constituer | instaurer | susciter
995,create,образовать,former | offrir
996,create,образовать,créer | créer un
997,create,образовать,élaborer | créer un
998,nobody,никто,personne | personne ne | on ne | moins que rien
999,nobody,никто,rien
1000,nobody,никто,nul | nul ne | nul n'
1001,nobody,никто,ni
1002,nobody,никто,on n' | non
1003,nobody,никто,tout le monde | monde
1004,nobody,некого,personne ne | n'ai personne à | y a personne d'autre | n'ai plus personne à | n'ai personne d'autre à qui | n'as personne d'autre à
1005,nobody,некого,personne | n'ai personne à
1006,nobody,некого,on ne | n'ai personne à
1007,nobody,некого,rien | n'ai personne à
1008,nobody,некого,moins que rien | n'ai personne à
1009,nobody,ничей,no_equality
1010,nobody,ничтожество,nul | nul ne | nul n'
1011,nobody,ничтожество,personne ne | bon à rien | n'es rien
1012,nobody,ничтожество,personne | bon à rien
1013,nobody,ничтожество,rien | bon à rien | ne suis rien
1014,nobody,ничтожество,moins que rien | bon à rien
1015,word,слово,mot
1016,word,слово,parole | remplacer | parler
1017,word,слово,terme | promets
1018,word,слово,dit
1019,word,слово,dire
1020,word,слово,expression | exprimer | promesse
1021,word,слово,parlé
1022,word,слово,promesse
1023,word,слово,verbe
1024,word,известие,nouvelle
1025,word,слова,mot
1026,word,слова,parole | parle | parler
1027,word,слова,terme
1028,word,слова,dit
1029,word,слова,expression | exprimer | promesse
1030,word,слова,propos
1031,word,говорить,rien | exprimer
1032,word,говорить,parler | parole
1033,word,говорить,dire
1034,word,говорить,exprimer
1035,word,говорить,ordre | raconter
1036,word,сформулировать,parole | élaborer | élaborer
1037,word,сформулировать,ordre | formuler
1038,word,текстовый,texte
1039,word,словесный,no_equality
1040,genetically,генетически,génétiquement | génétique
1041,genetically,генетически,génétique
1042,genetically,генетически,ogm
1043,genetically,генетический,génétique | génétiquement
1044,mug,кружка,tasse
1045,mug,рожица,no_equality
1046,mug,бокал,no_equality
1047,mug,рыло,mug | mugs
1048,mug,балбес,no_equality
1049,mug,мурло,no_equality
1050,mug,ебальник,tronche | chope
1051,mug,грабить,no_equality
1052,countryside,сельская местность,campagne
1053,countryside,природа,nature | monde rural | espace naturel
1054,countryside,пригород,banlieue | espace naturel
1055,countryside,сельские районы,espace rural | les zones rurales
1056,countryside,сельские районы,monde rural | les zones rurales
1057,countryside,сельские районы,espace naturel | les zones rurales
1058,countryside,сельские районы,zones rurales | les zones rurales
1059,countryside,загородная местность,pays
1060,countryside,загородная местность,région
1061,countryside,загородная местность,nature | terrain
1062,countryside,загородная местность,environs | endroit
1063,countryside,загородная местность,arrière-pays | terrain
1064,countryside,загородная местность,monde rural | endroit
1065,countryside,сельский ландшафт,paysage
1066,countryside,сельский ландшафт,campagne | aménagement paysager
1067,countryside,сельский ландшафт,milieu rural | rural
1068,countryside,сельский ландшафт,espace naturel | aménagement paysager
1069,countryside,сельский,milieu rural | rural
1070,spoon,ложка,cuillère | cuiller | cuillière
1071,spoon,блесна,no_equality
1072,spoon,обниматься,no_equality
1073,spoon,черпать ложкой,no_equality
1074,journey,путешествие,voyage | voyager
1075,journey,путешествие,aventure
1076,journey,путешествие,voyager
1077,journey,путь,voyage | voyager
1078,journey,путь,chemin | cheminement
1079,journey,путь,trajet
1080,journey,путь,route | retour | course
1081,journey,путь,parcourir | parcours
1082,journey,рейс,voyage | voyager
1083,journey,проезд,voyage | voyager
1084,journey,проезд,transport
1085,journey,переезд,déplacement | déménagement
1086,journey,странствование,no_equality
1087,journey,путешествовать,voyager | voyage
1088,you,вы,tu
1089,you,вы,toi | toi tu
1090,you,вы,on
1091,you,вы,il
1092,you,вы,votre
1093,you,вы,je
1094,you,вы,ça
1095,you,вы,avez-vous | êtes-vous
1096,you,вы,c'
1097,you,вы,avez
1098,you,вы,as-tu | es-tu
1099,you,ты,tu
1100,you,ты,te
1101,you,ты,toi | toi tu
1102,you,ты,on
1103,you,ты,il
1104,you,ты,votre
1105,you,ты,je
1106,you,ты,ça
1107,you,ты,as-tu | es-tu
1108,you,ты,ton
1109,you,ты,c'
1110,you,ты,avez-vous | êtes-vous
1111,table,таблица,tableau | table | plateau | tableau1
1112,table,таблица,table
1113,table,стол,table | tableau | tablette | tableau1
1114,table,стол,bureau
1115,table,скрижаль,tablette | table
1116,table,расписание,ping-pong | planning
1117,table,табель,no_equality
1118,table,столовая,classement | salle à manger
1119,table,табличка,plateau | pancarte
1120,table,настольный,no_equality
1121,table,табличный,tableau | tabulaire
1122,table,табличный,table | tabulaire
1123,table,табличный,plateau | tabulaire
1124,table,табличный,bureau | tabulaire
1125,table,табличный,tableau1 | tabulaire
1126,table,застольный,no_equality
1127,table,на стол,tableau | sur la table | sur table
1128,table,на стол,table | sur la table
1129,table,на стол,plateau | sur la table
1130,table,на стол,bureau | sur le bureau | sur mon bureau
1131,table,на стол,tableau1 | sur la table
1132,thing,вещь,chose
1133,thing,вещь,bien | rien
1134,thing,вещь,objet
1135,thing,вещь,ça
1136,thing,вещь,important | point | importante
1137,thing,дело,chose
1138,thing,дело,fait
1139,thing,дело,affaire
1140,thing,дело,problème
1141,thing,дело,ça
1142,thing,дело,point | action
1143,thing,дело,important | action
1144,thing,дело,article | matière
1145,thing,предмет,objet
1146,thing,предмет,rien | déterminer
1147,thing,предмет,créature | déterminer
1148,thing,предмет,article | matière
1149,thing,событие,chose
1150,thing,событие,important | point
1151,thing,существо,créature
1152,thing,существо,chose | cette chose
1153,thing,штучка,chose
1154,thing,поступок,chose
1155,thing,поступок,point | action
1156,thing,поступок,important | action
1157,thing,задача,problème
1158,thing,задача,histoire | responsabilité
1159,thing,задача,objet | objectif
1160,thing,задача,article | objectif
1161,thing,что-то,rien | bien
1162,thing,что-то,ça
1163,thing,что-то,chose | autre chose
1164,thing,что-то,histoire | soit
1165,thing,что-то,affaire | faire
1166,thing,что-то,objet | autre chose
1167,shampoo,шампунь,shampooing | shampoing | shampoo
1168,shampoo,шампунь,shampoing
1169,shampoo,мытье головы,laver | lavage
1170,shampoo,мыть,laver
1171,come,приходить,venir | revenir | arriver | provenir | devenir
1172,come,приходить,arriver
1173,come,приходить,aller
1174,come,приходить,passer
1175,come,приходить,rentrer | entrent
1176,come,приезжать,venir | arriver | provenir | devenir
1177,come,вступать,no_equality
1178,come,появиться,venir | arriver | provenir | devenir
1179,come,появиться,arriver
1180,come,появиться,rentrer | se montrer
1181,come,появиться,se présenter | se montrer
1182,come,появиться,entrent | se montrer
1183,come,поставляться,provenir | être fourni | être fournies
1184,come,поставляться,rentrer | être fourni
1185,come,поступать,arriver | provenir | recevoir
1186,come,поступать,aller
1187,come,поступать,provenir | venir
1188,come,поступать,faire | faire ça
1189,come,исходить,venir | arriver | provenir | devenir
1190,come,попасть,venir | arriver | provenir | devenir
1191,come,попасть,arriver
1192,come,попасть,aller
1193,come,попасть,passer
1194,come,попасть,rentrer | entrer | atteindre | monter | se rendre | retourner | rejoindre | entrent
1195,come,попасть,entrée | pénétrer
1196,come,давай,aller | allez
1197,come,давай,pourquoi | jouir
1198,come,давай,venir | viens
1199,grandchild,внук,petit-fils | petit fils | petit-enfant | petite-fille | petit enfant
1200,grandchild,внук,petit fils
1201,point,точка,point | pointe | pointer
1202,point,очко,point | pointe | pointer
1203,point,место,lieu | virgule
1204,point,место,endroit | question | pointe | pointer | indiquer | montrer | centre
1205,point,место,point | position
1206,point,место,raison | maison
1207,point,вопрос,point | interrogation
1208,point,вопрос,question | pointe | pointer | indiquer | endroit
1209,point,вопрос,sujet
1210,point,вопрос,montrer | problème
1211,point,вопрос,raison | savoir
1212,point,пойнт,point | pointe | pointer
1213,point,смысл,point
1214,point,смысл,but
1215,point,смысл,intérêt
1216,point,смысл,raison
1217,point,смысл,sens
1218,point,смысл,question | logique | pourquoi | quoi bon
1219,point,смысл,pointe | signification | point
1220,point,смысл,pointer | signification
1221,point,смысл,indiquer | logique | signification
1222,point,смысл,lieu | utile
1223,point,смысл,virgule | logique
1224,point,этап,moment | montrer
1225,point,этап,stade
1226,point,этап,pointer | partie
1227,point,точка зрения,point | opinion
1228,point,точка зрения,question | point de vue
1229,point,точка зрения,pointe | point de vue | opinion
1230,point,точка зрения,pointer | point de vue
1231,point,точка зрения,indiquer | point de vue
1232,point,точка зрения,endroit | point de vue
1233,point,указывать,indiquer | question | dire | diriger | endroit
1234,point,указывать,moment | mentionner
1235,point,указывать,pointe | mentionner
1236,point,указывать,pointer | mentionner
1237,point,указывать,montrer | mentionner
1238,point,дело,question | enquête | pointe | pointer | indiquer | endroit
1239,point,дело,fait
1240,point,дело,point | action
1241,point,дело,montrer | problème
1242,point,дело,accuser | cause
1243,point,отмечать,question | noter
1244,point,отмечать,pointe | noter
1245,point,отмечать,pointer | noter
1246,point,отмечать,montrer | constater | noter
1247,point,отмечать,endroit | constater
1248,point,показать,indiquer | question | faire visiter | diriger
1249,point,показать,montrer | moment | pointer | montrer à | démontrer | monter | endroit | argument
1250,point,показать,virgule | prouver | illustrer
1251,point,подчеркивать,question | souligner
1252,point,подчеркивать,indiquer | souligner
1253,point,подчеркивать,endroit | souligner
1254,point,подчеркивать,virgule | souligner
1255,point,навести,pointer | point | question | pointe | nettoyer | rendre visite | montrer | endroit
1256,point,навести,lieu | verrouillez
1257,point,навести,virgule | verrouillez
1258,point,точечный,pointer | une frappe chirurgicale
1259,point,точечный,indiquer | une frappe chirurgicale
1260,point,точечный,endroit | une frappe chirurgicale
1261,point,точечный,argument | une frappe chirurgicale
1262,point,точечный,virgule | une frappe chirurgicale
1263,lie,лежать,rester | être | reposer sur | se trouver | se situer | se trouvent | reposent
1264,lie,лежать,être
1265,lie,находиться,rester | se trouver | être | se situer | se trouvent | reposent
1266,lie,находиться,se trouver
1267,lie,лгать,mentir | menteur | se trouvent
1268,lie,лгать,mensonge | reposent
1269,lie,крыться,no_equality
1270,lie,пролегать,no_equality
1271,lie,залегать,se trouvent | conclusions hâtives
1272,lie,ложь,mentir | ment | menteur | se trouvent
1273,lie,ложь,mensonge | reposent
1274,lie,ложь,faux
1275,lie,лиев,no_equality
1276,curriculum,учебный план,programme | programme d'études | programme d'étude | programmes scolaires | programme-cadre
1277,curriculum,курс обучения,cursus
1278,curriculum,курс обучения,programme | cours de formation | programme d'enseignement
1279,curriculum,курс обучения,programme d'études | cours de formation | redoublement
1280,curriculum,курс обучения,enseignement | un enseignement
1281,curriculum,курс обучения,cour | cours de formation
1282,curriculum,курс обучения,programme d'étude | cours de formation
1283,curriculum,курс обучения,scolaire | cours de formation
1284,curriculum,курс обучения,programmes scolaires | cours de formation
1285,curriculum,курс обучения,contenu | cours de formation | un enseignement
1286,curriculum,курс обучения,éducation | cours de formation
1287,curriculum,курс обучения,programme-cadre | cours de formation
1288,curriculum,программа,programme | programme d'études | programme d'étude | programmes scolaires | programme-cadre
1289,curriculum,программа,scolaire | logiciel
1290,curriculum,куррикулум,no_equality
1291,curriculum,расписание,programme
1292,curriculum,расписание,programme d'études | emploi du temps | programme
1293,curriculum,расписание,programme d'étude | emploi du temps
1294,curriculum,расписание,scolaire | calendrier | horaire
1295,curriculum,расписание,programmes scolaires | emploi du temps
1296,curriculum,расписание,programme-cadre | calendrier | emploi du temps
1297,curriculum,содержание образования,programme d'études | le contenu de l'éducation
1298,curriculum,содержание образования,programme d'étude | le contenu de l'éducation
1299,curriculum,содержание образования,contenu | le contenu de l'éducation
1300,curriculum,содержание образования,éducation | le contenu de l'éducation
1301,tip,кончик,bout | embout
1302,tip,чаевые,pourboire | donner un pourboire
1303,tip,тонкий конец,bout | embout
1304,tip,тонкий конец,extrémité | terminé
1305,tip,тонкий конец,conseil | mince
1306,tip,тонкий конец,incliner | mince
1307,tip,тонкий конец,info | fin | fin
1308,tip,верхушка,pointe | donner un pourboire
1309,tip,подсказка,incliner | indice
1310,tip,Совет,conseil | conseiller | commission | council | conseille | incliner
1311,tip,Совет,pourboire | observatoire
1312,tip,Совет,pencher | ce dernier
1313,tip,Совет,donner un pourboire | organe | observatoire
1314,tip,оконечность,no_equality
1315,tip,отзыв,pourboire | critique
1316,tip,полезный Совет,pointe | conseil pratique
1317,tip,полезный Совет,conseil | bon conseil | bons conseils | conseil pratique
1318,tip,полезный Совет,donner un pourboire | bon conseil
1319,tip,полезный Совет,incliner | bon conseil
1320,tip,зонд,no_equality
1321,tip,подачка,no_equality
1322,tip,вершинка,sommet
1323,tip,наклонять,pencher
1324,tip,наклонять,incliner | conseil
1325,tip,опрокинуться,no_equality
1326,tip,давать чаевые,donner un pourboire | pointe | pourboire
1327,tip,на чай,pourboire | donner un pourboire
1328,entire,целый,entier | entièreté | entièrement
1329,entire,целый,tout | tout un
1330,entire,целый,ensemble du | ensemble
1331,entire,целостный,intégral | intégrée
1332,entire,целостный,intégralité du | intégrée
1333,entire,целостный,entièreté | intégrée
1334,entire,целостный,global | globale
1335,entire,весь,tout | toute la | partout
1336,entire,весь,complet
1337,entire,весь,entier | entière
1338,entire,весь,ensemble du | l'ensemble | dans son ensemble
1339,entire,весь,entièreté | entière
1340,entire,весь,entièrement | entière
1341,entire,целиком,tout
1342,entire,целиком,entièrement | entier | entièreté | pleinement | en entier | totalement | exclusivement
1343,entire,целиком,complet | totalement
1344,entire,целиком,total | totalement
1345,entire,целиком,ensemble du | exclusivement
1346,hear,слышать,entendre | entendre parler | apprendre | entendre dire | connaître
1347,hear,слышать,écouter
1348,hear,слышать,savoir | voir | avoir
1349,hear,слышать,apprendre
1350,hear,слышать,entendre parler
1351,hear,слышать,entendre dire
1352,hear,узнать,entendre | connaître | apprendre | demander | reconnaître | comprendre | renseigner | entendre parler | entendre dire
1353,hear,узнать,savoir | voir | avoir
1354,hear,узнать,apprendre
1355,hear,узнать,connaître
1356,hear,узнать,voir
1357,hear,узнать,avoir
1358,hear,узнать,écouter | découvrir | trouver
1359,hear,узнать,dire | identifier
1360,hear,узнать,recueillir | identifier
1361,hear,узнать,courant | obtenir
1362,hear,звучать,parle | paraître
1363,hear,слыхать,no_equality
1364,hear,расслышать,entendre | apprendre | connaître | entendre parler | entendre dire
1365,hear,заслышать,entendre | apprendre | connaître | entendre parler | entendre dire
1366,hear,заслышать,écouter
1367,hear,слышный,no_equality
1368,right,право,droit | droite
1369,right,право,droite
1370,right,правая сторона,droite
1371,right,правая сторона,droit | côté droit | droite
1372,right,правда,bien
1373,right,правда,vrai
1374,right,правда,hein
1375,right,правда,non
1376,right,правда,suite | sérieusement
1377,right,правда,d'accord | accord | accord
1378,right,правота,no_equality
1379,right,правый,droit | tribord | droite
1380,right,нужный,bon | la bonne
1381,right,подходящий,bon
1382,right,подходящий,appropriée | approprié
1383,right,вправо,droit | à droite | vers la droite
1384,right,вправо,droite | à droite
1385,right,правильно,bien
1386,right,правильно,raison
1387,right,правильно,exact
1388,right,правильно,correct | correctement | corriger
1389,right,правильно,hein
1390,right,правильно,c'est ça
1391,right,правильно,n'est-ce pas
1392,right,правильно,non
1393,right,правильно,droite | correctement
1394,right,правильно,suite | à juste titre
1395,right,правильно,juste | à juste titre
1396,right,правильно,vrai | pas vrai
1397,right,сразу,droit
1398,right,сразу,juste | suite
1399,right,сразу,droite | directement | tout de suite | droit | rapidement
1400,right,хорошо,bien
1401,right,хорошо,bon
1402,right,хорошо,d'accord
1403,right,хорошо,ok
1404,right,хорошо,juste | heureusement
1405,right,хорошо,n'est-ce pas | c'est bien | c'est bon
1406,right,прямо,droit | tout droit
1407,right,прямо,juste | suite
1408,right,прямо,droite | directement | droit | explicitement | clairement | derrière
1409,right,прямо,exact | exactement
1410,secret,секрет,secret | secrètement
1411,secret,тайный,secret | secrètement
1412,secret,потайной,secret | passage secret | entrée secrète
1413,secret,потайной,clandestin | une planque secrète | un compartiment
1414,secret,потайной,confidentiel | une planque secrète
1415,secret,потайной,secrètement | passage secret | une planque secrète
1416,secret,скрытный,secret | discret | secrètement
1417,secret,негласный,confidentiel | silencieux
1418,secret,закулисный,no_equality
1419,secret,конспиративный,secret | secrètement
1420,secret,засекреченный,secret | top-secret | secrètement
1421,secret,скрытый,caché
1422,secret,закрытый,no_equality
1423,secret,затаенный,no_equality
1424,secret,тайно,secrètement | secret | mystère | en secret | clandestinement
1425,secret,тайно,clandestin | clandestinement
1426,secret,тайно,confidentiel | clandestinement
1427,secret,в секрете,secret | secrète | secrètement
1428,this,этот,ce | ceci
1429,this,этот,cela | celle-ci
1430,this,этот,le | telle | celle-là
1431,this,этот,il
1432,this,этот,ceci
1433,this,этот,celui-ci | celui-là
1434,this,этот,nos | son
1435,this,это,c
1436,this,это,ce | ceci
1437,this,это,cela
1438,this,это,le | telle | celle-là
1439,this,это,il
1440,this,это,ceci
1441,this,это,on
1442,this,это,celui-ci
1443,this,настоящий,présent | la présente
1444,this,то,ce | ceci
1445,this,то,le | telle | celle-là
1446,this,то,il
1447,this,то,on
1448,this,так,ainsi
1449,this,так,on | non
1450,this,так,telle | tellement
1451,guru,гуру,gourou
1452,star,звезда,star | astre | star's
1453,star,звезда,étoile | étoilée
1454,star,звезда,vedette
1455,star,светило,astre | star
1456,star,светило,stellaire | brille
1457,star,кинозвезда,vedette | vedette de cinéma | vedette du cinéma
1458,star,кинозвезда,cerveau | acteur
1459,star,стар,star | astre | star's
1460,star,главные роли,stellaire | les rôles principaux
1461,star,дива,no_equality
1462,star,звездный,stellaire | glaive des étoiles
1463,star,звездный,star | astral
1464,star,звездный,protagoniste | trooper
1465,star,звездный,jouer | joueur
1466,star,звездный,cerveau | lanceur
1467,star,сниматься,jouer
1468,star,играть главные роли,jouer | jouera un
1469,star,играть главные роли,protagoniste | contribuer
1470,benefit,выгода,avantage | avantager | avantageux
1471,benefit,выгода,bénéfice | bénéficier | tirer bénéfice | bénéfique
1472,benefit,выгода,profit | prestation | profiterait | rapporte | profiter | tirer profit | tirer parti | apport
1473,benefit,выгода,intérêt
1474,benefit,выгода,gain
1475,benefit,преимущество,avantage | avance | avantager | avantageux
1476,benefit,привилегия,no_equality
1477,benefit,пособие,prestation | profit | profiter | tirer profit | tirer parti | apport | jouissent
1478,benefit,пособие,allocation
1479,benefit,пособие,indemnité | intention
1480,benefit,благо,intérêt
1481,benefit,благо,bien | bien-être
1482,benefit,благо,prestation | bien-être
1483,benefit,прибыль,bénéfice | bénéficier | tirer bénéfice | bénéfique
1484,benefit,прибыль,profit | prestation | profiter | tirer profit | tirer parti | apport
1485,benefit,прибыль,faveur | revenu
1486,benefit,прибыль,avantager | argent
1487,benefit,эффект,no_equality
1488,benefit,выигрыш,no_equality
1489,benefit,плод,profit | fruit
1490,benefit,плод,profiter | fruit
1491,benefit,плод,tirer profit | fruit
1492,benefit,плод,tirer parti | fruit
1493,benefit,приносить пользу,bénéfice | bénéficier | bénéfiques
1494,benefit,приносить пользу,bénéficier
1495,benefit,приносить пользу,prestation | être utile | être profitable
1496,benefit,приносить пользу,profiter | être bénéfique pour | être utile
1497,benefit,приносить пользу,tirer bénéfice | être bénéfique pour | bénéfice
1498,benefit,приносить пользу,bénéfique | être bénéfique pour
1499,benefit,принести пользу,bénéficier | bénéfice | tirer bénéfice | bénéfique
1500,benefit,выигрывать,no_equality
1501,benefit,выгодный,avantageux | avantage | avantager
1502,benefit,выгодный,prestation | profitable
1503,benefit,выгодный,profit | profitable | lucratif
1504,benefit,выгодный,profiter | profitable
1505,benefit,выгодный,tirer profit | profitable
1506,benefit,выгодный,tirer parti | profitable
1507,strength,сила,force | forte
1508,strength,сила,intensité | résistant
1509,strength,сила,puissance | résistance | puissant
1510,strength,сила,pouvoir
1511,strength,сила,rigidité | gravité
1512,strength,прочность,résistance | puissance | résistant
1513,strength,напряженность,intensité | tension
1514,strength,крепость,fort
1515,strength,крепость,robustesse | forteresse
1516,strength,крепость,forte | forteresse | fort
1517,strength,крепость,ressource | forteresse
1518,strength,численность,effectif | chiffre
1519,strength,численность,force | chiffre
1520,strength,численность,pouvoir | population
1521,strength,достоинство,intensité | dignité
1522,strength,достоинство,vigueur | vertu
1523,strength,достоинство,rigidité | dignité
1524,strength,мощность,puissance | résistance
1525,strength,сильная сторона,fort | forte
1526,strength,усилие,force | effort
1527,strength,усилие,effectif | effort
1528,strength,усилие,fort | effort
1529,strength,усилие,forte | effort
1530,strength,силовой,force | de force
1531,strength,силовой,robustesse | la superstructure
1532,strength,силовой,pouvoir | propulsion
1533,strength,силовой,forte | de force
1534,strength,силовой,ressource | la superstructure
1535,strength,прочный,no_equality
1536,ketchup,кетчуп,ketchup
1537,beginner,начинающий,débutant | débutante
1538,beginner,начинающий,beginner | en herbe
1539,beginner,новичок,débutant | débutante
1540,beginner,новичок,novice
1541,beginner,начальный уровень,initiation | le niveau initial
1542,beginner,начинающий фотограф,débutant | débutante
1543,beginner,начальный,initiation | initial
1544,child,ребенок,enfant | enfance | petit enfant | enfantine
1545,child,ребенок,fil | fille
1546,child,ребенок,fille
1547,child,ребенок,bébé
1548,child,ребенок,petit
1549,child,ребенок,gosse
1550,child,ребенок,gamin
1551,child,дитя,enfant | enfance | petit enfant | enfantine
1552,child,дитя,bébé
1553,child,дитя,petit
1554,child,дитя,mineur | progéniture
1555,child,детище,bébé
1556,child,сын,enfant | enfance | petit enfant | enfantine
1557,child,сын,fil | fille
1558,child,сын,bébé
1559,child,сын,petit
1560,child,сын,gosse
1561,child,сын,gamin
1562,child,сын,infantile | fiston
1563,child,потомок,enfance | descendant | descendant
1564,child,чадо,no_equality
1565,child,детский,enfant | enfance | petit enfant | enfantine
1566,child,детский,infantile | orphelinat
1567,child,дочерний,no_equality
1568,child,несовершеннолетний,mineur
1569,school,школа,école | lycée
1570,school,школа,lycée
1571,school,школа,collège
1572,school,школа,faculté
1573,school,школа,cour
1574,school,школа,school
1575,school,колледж,école | lycée
1576,school,колледж,lycée
1577,school,колледж,collège
1578,school,колледж,fac
1579,school,колледж,étude
1580,school,колледж,université
1581,school,класс,cour
1582,school,класс,scolarité | catégorie
1583,school,класс,établissement scolaire | catégorie
1584,school,класс,school | cool
1585,school,учебное заведение,école | lycée
1586,school,учебное заведение,université
1587,school,учебное заведение,établissement scolaire | scolarité
1588,school,учебное заведение,académie
1589,school,учебное заведение,enseignement | établissement d'enseignement | établissements d'enseignement
1590,school,учебное заведение,établissement | établissement d'enseignement | établissement scolaire | établissement d'éducation
1591,school,факультет,faculté
1592,school,факультет,établissement | département de
1593,school,факультет,établissement scolaire | département de
1594,school,учеба,étude
1595,school,занятия в школе,école | à l'école | de l'école | lycée
1596,school,занятия в школе,cour | en cours
1597,school,занятия в школе,scolariser | en cours
1598,school,школьный,scolaire | scolarité | scolariser | établissement scolaire | milieu scolaire
1599,school,школьный,école | de l'école
1600,school,школьный,collège | de l'école
1601,band,банда,bande | banda | bandeau | band
1602,band,банда,groupe | troupe
1603,band,лента,ruban
1604,band,оркестр,groupe | troupe
1605,band,оркестр,orchestre | orchestra | bracelet | tranche | fourchette
1606,band,оркестр,fanfare
1607,band,отряд,groupe | troupe
1608,band,отряд,troupe
1609,band,отряд,tranche | détachement
1610,band,отряд,fourchette | détachement
1611,band,отряд,bandelette | détachement
1612,band,отряд,bague | brigade
1613,band,узы,no_equality
1614,band,повязка,bandeau | bande | band
1615,band,диапазон,fourchette | orchestre | bracelet | tranche | troupe
1616,band,зона,no_equality
1617,band,музыкальная группа,groupe | troupe
1618,band,музыкальная группа,orchestre | bracelet | tranche | fourchette
1619,band,ленточный,troupe | tapis roulant
1620,band,ленточный,collier | ver solitaire
1621,band,диапазонный,no_equality
1622,band,ленточнопильный,no_equality
1623,band,Band,no_equality
1624,letter,письмо,lettre | letter
1625,letter,письмо,courrier | courriel
1626,letter,письмо,écrit | écrire
1627,letter,письмо,message
1628,letter,буква,lettre | letter
1629,letter,грамота,caractère | charte
1630,letter,письмена,présente | les écritures
1631,letter,буквенный,no_equality
1632,letter,письменный,écrit | écrite | par écrit | écrire
1633,letter,Letters,no_equality
1634,letter,писать письмо,lettre | écrire une lettre
1635,letter,писать письмо,courrier | écrire une lettre
1636,letter,писать письмо,bulletin | écrire une lettre
1637,letter,писать письмо,letter | écrire une lettre
1638,letter,писать письмо,présente | écrire une lettre
1639,letter,писать письмо,écrire | écrire une lettre
1640,dinner,обед,dîner | dinner | dîne
1641,dinner,обед,souper
1642,dinner,обед,repas | repas du soir
1643,dinner,обед,déjeuner | déjeune
1644,dinner,обед,à manger | manger
1645,dinner,обед,on mange | manger
1646,dinner,торжественный обед,dîner | dinner | dîne
1647,dinner,торжественный обед,repas | repas du soir
1648,dinner,торжественный обед,déjeuner
1649,dinner,торжественный обед,à manger | manger
1650,dinner,торжественный обед,on mange | manger
1651,dinner,обеденный,déjeuner | du déjeuner
1652,dinner,обеденный,repas du soir | pause de midi
1653,dinner,званый,dîner | dinner | dîne
1654,America,Америка,amérique | américaine
1655,America,Америка,états-unis | états unis
1656,America,Америка,américain
1657,America,Америка,america | america's
1658,America,Америка,aux usa | usa
1659,dependable,надежный,fiable
1660,dependable,надежный,sûr
1661,dependable,зависимый,no_equality
1662,dependable,заслуживающий доверия,no_equality
1663,dependable,зависящий,no_equality
1664,Belgium,Бельгия,belgique | belge | belgium | bruxelles
1665,secular,светский,laïc
1666,secular,светский,séculier | séculaire
1667,secular,вековой,séculaire | séculier | secular
1668,secular,вековой,profane | centenaire
1669,secular,долговременный,séculier | longue durée
1670,secular,долговременный,secular | durable
1671,secular,секуляристский,no_equality
1672,secular,мирянин,no_equality
1673,secular,светскость,no_equality
1674,the,этот,no_equality
1675,the,тот,no_equality
1676,the,такой,no_equality
1677,the,тем,no_equality
1678,everything,все,tout | tu | partout
1679,everything,все,ça
1680,everything,все,reste | est
1681,everything,все,toute chose | tout le monde
1682,everything,что угодно,ce que | quelque chose | que je veux
1683,everything,что угодно,chaque chose | quelque chose
1684,everything,что угодно,importe quoi | n'importe quoi | peu importe | quoi que ce soit
1685,dance,танец,danse | danser | danseur | dansantes
1686,dance,танец,dance | dancer
1687,dance,танец,bal
1688,dance,танец,danser
1689,dance,бал,bal
1690,dance,танцевальная музыка,danse | de danse | dansante
1691,dance,танцевальная музыка,dance | de danse
1692,dance,танцевальная музыка,danser | de danse
1693,dance,танцевальный вечер,soirée
1694,dance,танцевальный вечер,danse | de danse | dansante | de la danse
1695,dance,танцевальный вечер,dance | de danse
1696,dance,танцевальный вечер,danser | de danse
1697,dance,танцевальный вечер,dansantes | dansant
1698,dance,танцевальное искусство,danse | danseur | danser | dansantes
1699,dance,танцулька,no_equality
1700,dance,хореография,chorégraphie | chorégraphique
1701,dance,танцевать,danser | danse | danseur | soirée dansante | dancer | dansantes
1702,dance,приплясывать,no_equality
1703,dance,хореографический,no_equality
1704,dance,плясовой,no_equality
1705,mother,мать,mère
1706,mother,мать,maman
1707,mother,мать,mère de famille | merde
1708,mother,мамаша,mère
1709,mother,мамаша,maman
1710,mother,материнский,maternel | mère de famille | materner | parent
1711,mother,родной,parent | planète
1712,mother,родной,maternel | planète
1713,mother,мамин,mère | de ma mère
1714,mother,мамин,maman | de maman
1715,mother,мамин,mère de famille | de ma mère
1716,mother,мамин,dame | de maman | de ma mère
1717,have,иметь,avoir | pouvoir | devoir
1718,have,иметь,être | porter | être tenu | reste
1719,have,иметь,disposer | posséder | ressentir
1720,have,иметь,présenter | prendre | tolérer
1721,have,иметь,posséder
1722,have,иметь,prendre
1723,have,обладать,avoir | pouvoir | devoir
1724,have,обладать,disposer | posséder | ressentir
1725,have,обладать,présenter | prendre | porter | tolérer
1726,have,обладать,posséder
