,word,local_word,pos,examples,local_examples
0,before,до,preposition,['before the war'],['до войны']
1,before,впереди,preposition,[],[]
2,before,пред,preposition,[],[]
3,before,накануне,preposition,[],[]
4,before,передо,preposition,[],[]
5,before,прежде,adverb,[],[]
6,before,раньше,adverb,['just before'],['немного раньше']
7,before,до этого,adverb,[],[]
8,before,в преддверии,adverb,[],[]
9,before,до наступления,adverb,[],[]
10,before,прежде чем,conjunction,[],[]
11,before,прежде нежели,conjunction,[],[]
12,before,пока,particle,[],[]
13,adverb,наречие,noun,[],[]
14,during,в течение,adverb,[],[]
15,during,во время,adverb,[],[]
16,during,в процессе,adverb,[],[]
17,during,во,preposition,['level during the period'],['уровень за период']
18,airport,аэропорт,noun,"['regional airport', 'airport shuttle bus', 'alternate airport']","['региональный аэропорт', 'автобус до аэропорта', 'запасной аэродром']"
19,airport,авиапорт,noun,[],[]
20,airport,аэровокзал,noun,[],[]
21,airport,аэропортовый,adjective,['airport charge'],['аэропортовый сбор']
22,drum,барабан,noun,"['brake drum', 'big bass drum', 'metal drum']","['тормозной барабан', 'большой барабан', 'металлический цилиндр']"
23,drum,барабанный бой,noun,[],[]
24,drum,бочка,noun,[],[]
25,drum,барабанчик,noun,['little drum'],['маленький барабанчик']
26,drum,барабанщик,noun,[],[]
27,drum,бубен,noun,[],[]
28,drum,ударный инструмент,noun,[],[]
29,drum,партия ударных,noun,[],[]
30,drum,барабанная перепонка,noun,[],[]
31,drum,дробь,noun,[],[]
32,drum,Бикс,noun,[],[]
33,drum,барабанить,verb,[],[]
34,drum,ударный,adjective,"['drum kit', 'drum set']","['ударная установка', 'барабанная установка']"
35,empty,пустой,adjective,['empty run'],['порожний пробег']
36,empty,бессодержательный,adjective,[],[]
37,empty,пустынный,adjective,[],[]
38,empty,свободный,adjective,['empty seat'],['свободное место']
39,empty,голодный,adjective,['empty stomach'],['голодный желудок']
40,empty,опорожнять,verb,['empty the bladder'],['опорожнить мочевой пузырь']
41,empty,пустеть,verb,[],[]
42,empty,высыпать,verb,[],[]
43,empty,очистить,verb,[],[]
44,empty,пустота,noun,['empty feeling'],['ощущение пустоты']
45,empty,опорожнение,noun,[],[]
46,empty,пустышка,noun,[],[]
47,empty,порожняк,noun,[],[]
48,empty,пустующий,participle,[],[]
49,empty,порожняком,adverb,[],[]
50,dressed,одетый,adjective,[],[]
51,dressed,облаченный,participle,[],[]
52,dressed,заправленный,participle,[],[]
53,dressed,выделанный,participle,[],[]
54,dressed,украшенный,participle,[],[]
55,dressed,обтесанный,participle,[],[]
56,dressed,одеваемый,participle,[],[]
57,dressed,одевший,participle,[],[]
58,cafe,кофейня,noun,[],[]
59,cafe,буфет,noun,[],[]
60,cafe,кафе-ресторан,noun,[],[]
61,flight,полет,noun,"['flight control system', 'manned space flight', 'flight plan data', 'net flight path', 'flight safety level', 'connecting flight', 'nonstop flight', 'operational flight']","['система управления полетом', 'пилотируемый космический полет', 'данные плана полета', 'чистая траектория полета', 'уровень безопасности полетов', 'стыковочный рейс', 'беспосадочный перелет', 'боевой вылет']"
62,flight,стая,noun,['flight of birds'],['стая птиц']
63,flight,бегство,noun,"['capital flight', 'new flight']","['бегство капитала', 'новый побег']"
64,flight,пролет,noun,['flight of stairs'],['пролет по лестнице']
65,flight,взлет,noun,[],[]
66,flight,налет,noun,[],[]
67,flight,облет,noun,[],[]
68,flight,отлет,noun,[],[]
69,flight,летный,adjective,"['flight crew member', 'flight test program', 'flight information region']","['член летного экипажа', 'программа летных испытаний', 'район полетной информации']"
70,flight,бортовой,adjective,[],[]
71,flight,взлетный,adjective,[],[]
72,flight,летать,verb,[],[]
73,begin,начинать,verb,"['begin negotiations', 'begin divorce proceedings', 'begin long', 'begin the search', 'begin work']","['начинать переговоры', 'начать бракоразводный процесс', 'начинаться задолго', 'приступить к поиску', 'приступать к работе']"
74,begin,наступить,verb,[],[]
75,begin,пойти,verb,[],[]
76,begin,положить начало,verb,[],[]
77,fact,факт,noun,"['simple fact', 'well known fact', 'distortion of historical facts', 'proof of this fact', 'facts of his biography', 'fact of its existence', 'represent the facts', 'new fact']","['простой факт', 'хорошо известный факт', 'искажение исторических фактов', 'подтверждение этого факта', 'факты его биографии', 'факт своего существования', 'соответствовать действительности', 'новое обстоятельство']"
78,fact,сущность,noun,[],[]
79,fact,то,conjunction,[],[]
80,dream,мечта,noun,"['great american dream', 'long cherished dream', 'girl of his dreams', 'man of her dreams', 'childhood dream', 'bad dream', 'dream of red mansions', 'interpretation of dreams', 'dream factory', 'strange dream', 'ultimate dream']","['великая американская мечта', 'давняя мечта', 'девушка его мечты', 'мужчина ее мечты', 'детская мечта', 'дурной сон', 'сон в красном тереме', 'толкование сновидений', 'фабрика грез', 'странное видение', 'предел мечтаний']"
81,dream,чаяние,noun,[],[]
82,dream,мечтать,verb,['dream again'],['мечтать снова']
83,dream,видеть во сне,verb,['dream at night'],['сниться по ночам']
84,dream,спать,verb,[],[]
85,dream,помышлять,verb,[],[]
86,dream,во сне,adverb,[],[]
87,alarm,сигнал тревоги,noun,[],[]
88,alarm,тревога,noun,"['false alarm', 'general quarters alarm', 'audio alarm']","['ложная тревога', 'общая тревога', 'звуковое оповещение']"
89,alarm,сигнализация,noun,[],[]
90,alarm,будильник,noun,[],[]
91,alarm,предупредительный сигнал,noun,[],[]
92,alarm,сигнализатор,noun,[],[]
93,alarm,набат,noun,[],[]
94,alarm,встревожить,verb,[],[]
95,alarm,настораживать,verb,[],[]
96,alarm,аварийный,adjective,"['alarm signal', 'alarm relay']","['тревожный сигнал', 'сигнальное реле']"
97,alarm,сигнализационный,adjective,[],[]
98,along,по,preposition,['along the length'],['по длине']
99,along,вдоль,preposition,[],[]
100,along,вместе,adverb,['come along'],['идти вместе']
101,along,вперед,adverb,[],[]
102,along,с собой,adverb,[],[]
103,along,рядом,adverb,[],[]
104,warm,теплый,adjective,"['warm weather', 'warm air mass', 'warm summer evening', 'warm salt water', 'warm sunny day', 'warm apple pie', 'warm subtropical climate', 'warm yellow light', 'receive a warm welcome', 'very warm', 'warm country', 'warm reception']","['теплая погода', 'теплая воздушная масса', 'теплый летний вечер', 'теплая соленая вода', 'теплый солнечный день', 'теплый яблочный пирог', 'теплый субтропический климат', 'теплый желтый свет', 'получать теплый прием', 'очень теплый', 'жаркая страна', 'горячий прием']"
105,warm,сердечный,adjective,['warm congratulations'],['сердечные поздравления']
106,warm,согревать,verb,"['warm the soul', 'warmed oil']","['греть душу', 'подогретое масло']"
107,warm,погреться,verb,[],[]
108,warm,утеплить,verb,[],[]
109,warm,тепло,noun,[],[]
110,warm,разминка,noun,[],[]
111,collide,сталкиваться,verb,[],[]
112,collide,конфликтовать,verb,[],[]
113,collide,наехать,verb,[],[]
114,collide,соударяться,verb,[],[]
115,collide,в конфликт,adverb,[],[]
116,excellent,отличный,adjective,"['excellent customer service', 'excellent image quality', 'achieve excellent results', 'excellent sense of humor', 'excellent state of health', 'excellent source of information', 'excellent opportunity', 'excellent physical shape', 'excellent restaurant', 'excellent beer', 'excellent cuisine', 'excellent taste', 'excellent acoustics']","['отличный сервис', 'отличное качество изображения', 'добиваться отличных результатов', 'отличное чувство юмора', 'отличное состояние здоровья', 'отличный источник информации', 'прекрасная возможность', 'прекрасная физическая форма', 'превосходный трактир', 'отменное пиво', 'великолепная кухня', 'хороший вкус', 'замечательная акустика']"
117,excellent,исключительный,adjective,[],[]
118,excellent,блестящий,adjective,['excellent representative'],['выдающийся представитель']
119,excellent,первоклассный,adjective,[],[]
120,break,ломать,verb,"['broken line', 'break the resistance', 'broken leg']","['ломанная линия', 'сломить сопротивление', 'сломанная нога']"
121,break,нарушать,verb,"['break the rules', 'spontaneously broken symmetry']","['нарушать правила', 'спонтанно нарушенная симметрия']"
122,break,разбивать,verb,"['break hearts', 'break a bottle']","['разбивать сердца', 'разбить бутылку']"
123,break,разорвать,verb,['broken chain'],['разорванная цепь']
124,break,прорваться,verb,[],[]
125,break,разрушить,verb,[],[]
126,break,вырваться,verb,['break forth'],['вырваться наружу']
127,break,разбиться,verb,[],[]
128,break,разразиться,verb,[],[]
129,break,пробить,verb,[],[]
130,break,преодолеть,verb,[],[]
131,break,отколоться,verb,[],[]
132,break,вырывать,verb,[],[]
133,break,преломлять,verb,[],[]
134,break,перерыв,noun,['top break'],['верхний брейк']
135,break,разрыв,noun,['page break'],['разрыв страницы']
136,break,пролом,noun,['big break'],['большой пролом']
137,break,каникулы,noun,[],[]
138,break,передышка,noun,[],[]
139,examination,обследование,noun,"['thorough medical examination', 'complete physical examination', 'eye examination', 'psychiatric examination', 'customs examination']","['тщательное медицинское обследование', 'полный медицинский осмотр', 'проверка зрения', 'психиатрическое освидетельствование', 'таможенный досмотр']"
140,examination,изучение,noun,"['further examination', 'microscopic examination', 'results of these examinations']","['дальнейшее изучение', 'микроскопический анализ', 'результаты этих исследований']"
141,examination,экспертиза,noun,"['ecological examination', 'preliminary expert examination']","['экологическая экспертиза', 'предварительная экспертиза']"
142,examination,экзамен,noun,"[""candidate's examination"", 'competitive entrance examination', 'examination of conscience']","['кандидатский экзамен', 'конкурсный вступительный экзамен', 'испытание совести']"
143,examination,рассмотрение,noun,['examination of his case'],['рассмотрение его дела']
144,examination,допрос,noun,['cross examination'],['перекрестный допрос']
145,examination,разбирательство,noun,['court examination'],['судебное разбирательство']
146,examination,ознакомление,noun,[],[]
147,examination,проведение экспертизы,noun,[],[]
148,examination,проведение экзаменов,noun,[],[]
149,examination,экзаменационная сессия,noun,[],[]
150,examination,экзаменационный,adjective,['examination session'],['экзаменационная сессия']
151,examination,смотровой,adjective,[],[]
152,examination,досмотровый,adjective,[],[]
153,tiger,тигр,noun,['asian tiger'],['азиатский тигр']
154,tiger,зверь,noun,[],[]
155,tiger,тигриный,adjective,"[""tiger's eye""]",['тигровый глаз']
156,engineer,инженер,noun,"['chief engineer', 'deputy chief engineer', 'highly skilled engineers', 'engineer of human souls', 'society of civil engineers', 'mining engineer', 'engineer of the company', 'genetic engineer']","['главный инженер', 'заместитель главного инженера', 'высококвалифицированные инженеры', 'инженер человеческих душ', 'общество гражданских инженеров', 'горный инженер', 'технолог предприятия', 'генная инженерия']"
157,engineer,конструктор,noun,[],[]
158,engineer,сапер,noun,[],[]
159,engineer,специалист,noun,[],[]
160,engineer,звукоинженер,noun,[],[]
161,engineer,машинист,noun,['engineer bob'],['машинист боб']
162,engineer,ИТР,noun,[],[]
163,engineer,инженерные войска,noun,[],[]
164,engineer,теплотехник,noun,[],[]
165,engineer,наладчик,noun,[],[]
166,engineer,проектировать,verb,[],[]
167,engineer,работать инженером,verb,[],[]
168,engineer,инженерный,adjective,['regional engineering geology'],['региональная инженерная геология']
169,lion,лев,noun,['sea lion'],['морской лев']
170,lion,львиный,adjective,"[""lion's share""]",['львиная доля']
171,even,даже,particle,"['even then', 'even more']","['даже тогда', 'еще больше']"
172,even,ровный,adjective,"['even layer', 'even distribution']","['ровный слой', 'равномерное распределение']"
173,even,четный,adjective,[],[]
174,even,эвенский,adjective,[],[]
175,even,вечер,noun,[],[]
176,even,эвен,noun,[],[]
177,even,выравнивать,verb,[],[]
178,even,и,conjunction,[],[]
179,even,пусть,conjunction,[],[]
180,field,поле,noun,"['electromagnetic field', 'strong magnetic field', 'locally compact field']","['электромагнитное поле', 'сильное магнитное поле', 'локально компактное поле']"
181,field,область,noun,"['professional field', 'financial field', 'sports field', 'promising field']","['профессиональная область', 'финансовая сфера', 'спортивная площадка', 'перспективное направление']"
182,field,пространство,noun,['information field'],['информационное пространство']
183,field,месторождение,noun,"['natural gas field', 'field development plan']","['газовое месторождение', 'план разработки месторождения']"
184,field,отрасль,noun,['field of economy'],['отрасль экономики']
185,field,нива,noun,['fertile field'],['плодородная нива']
186,field,поприще,noun,[],[]
187,field,промысел,noun,[],[]
188,field,полевой,adjective,"['field effect transistor', 'field tax audit']","['полевой транзистор', 'выездная налоговая проверка']"
189,field,промысловый,adjective,[],[]
190,field,походный,adjective,[],[]
191,field,в полевых условиях,adverb,[],[]
192,background,фон,noun,"['background color', 'natural radiation background', 'dark blue background', 'text on white background']","['цвет фона', 'естественный радиационный фон', 'синий фон', 'текст на белом фоне']"
193,background,предпосылка,noun,"['genetic background', 'political background', 'conceptual background']","['генетическая предпосылка', 'политическая подоплека', 'концептуальная основа']"
194,background,происхождение,noun,['ethnic background'],['этническое происхождение']
195,background,подготовка,noun,['scientific background'],['научная подготовка']
196,background,история,noun,"['background of the conflict', 'professional background']","['предыстория конфликта', 'профессиональная биография']"
197,background,сведения,noun,[],[]
198,background,фоновый режим,noun,[],[]
199,background,опыт,noun,['diverse background'],['разнообразный опыт']
200,background,справочная информация,noun,[],[]
201,background,история вопроса,noun,[],[]
202,background,прошлое,noun,['rich historical background'],['богатое историческое прошлое']
203,background,образование,noun,[],[]
204,background,корень,noun,[],[]
205,background,исходная информация,noun,[],[]
206,background,контекст,noun,[],[]
207,background,общие сведения,noun,[],[]
208,background,исток,noun,[],[]
209,background,фоновое изображение,noun,[],[]
210,background,фоновая,noun,[],[]
211,background,фоновый,adjective,"['background noise level', 'soft background music', 'background data']","['уровень фонового шума', 'легкая фоновая музыка', 'исходные данные']"
212,background,справочный,adjective,['background document'],['справочный документ']
213,background,второстепенный,adjective,[],[]
214,easily,легко,adverb,['easily accessible'],['легко доступный']
215,easily,без труда,adverb,[],[]
216,easily,спокойно,adverb,['sleep easily'],['спать спокойно']
217,easily,доступно,adverb,[],[]
218,easily,просто,adjective,[],[]
219,easily,удобно,adjective,[],[]
220,easily,нетрудно,predicative,[],[]
221,write,писать,verb,"['write science fiction', 'write new songs', 'write short stories', 'write a letter', 'write music']","['писать научную фантастику', 'писать новые песни', 'писать рассказы', 'написать письмо', 'сочинять музыку']"
222,write,записывать,verb,"['write files', 'write code']","['записывать файлы', 'записать код']"
223,write,выписывать,verb,"['write a check', 'write a cheque']","['выписывать чек', 'выписать чек']"
224,write,вписать,verb,[],[]
225,write,списать,verb,[],[]
226,write,письменный,adjective,[],[]
227,ravioli,равиоли,noun,[],[]
228,ravioli,пельменный,adjective,[],[]
229,apologise,извиниться,verb,[],[]
230,fire,огонь,noun,"['machine gun fire', 'heavy artillery fire', 'cold blue fire', 'make a fire', 'large forest fire', 'hell fire']","['пулеметный огонь', 'сильный артиллерийский огонь', 'холодный синий огонь', 'разжечь костер', 'крупный лесной пожар', 'адское пламя']"
231,fire,возгорание,noun,['risk of fire'],['опасность возгорания']
232,fire,камин,noun,['gas fire'],['газовый камин']
233,fire,стрельба,noun,['rate of fire'],['темп стрельбы']
234,fire,обстрел,noun,['rocket fire'],['ракетный обстрел']
235,fire,стрелять,verb,"['fire again', 'fire twice']","['стрелять снова', 'выстрелить дважды']"
236,fire,увольнять,verb,['fire employees'],['увольнять сотрудников']
237,fire,поджечь,verb,[],[]
238,fire,обстрелять,verb,[],[]
239,fire,огневой,adjective,['fire power'],['огневая мощь']
240,fire,противопожарный,adjective,"['fire damper', 'fire alarm system', 'voluntary fire brigade', 'fire protection service', 'fire engine']","['противопожарная заслонка', 'пожарная сигнализация', 'добровольная пожарная дружина', 'пожарная охрана', 'пожарная машина']"
241,fire,огненный,adjective,['huge ball of fire'],['огромный огненный шар']
242,fly,летать,verb,"['unidentified flying object', 'fly home', 'fly away', 'fly further', 'fly over']","['неопознанный летающий объект', 'полететь домой', 'лететь прочь', 'пролететь дальше', 'прилететь сюда']"
243,fly,вылететь,verb,"['fly to london', 'fly upwards']","['вылететь в лондон', 'взлететь вверх']"
244,fly,влететь,verb,[],[]
245,fly,подлететь,verb,[],[]
246,fly,отлететь,verb,[],[]
247,fly,слетаться,verb,[],[]
248,fly,муха,noun,['fruit fly'],['фруктовая муха']
249,fly,полет,noun,['fly ball'],['полет мяча']
250,beaver,бобр,noun,['grey beaver'],['серый бобр']
251,beaver,Бобрик,noun,[],[]
252,beaver,Бивер,noun,[],[]
253,beaver,работяга,noun,[],[]
254,beaver,бородач,noun,[],[]
255,beaver,бобровый,adjective,['beaver dam'],['бобровая плотина']
256,duck,утка,noun,"['wild duck', 'roast duck', 'rubber duck', 'little duck']","['дикая утка', 'жареная утка', 'резиновый утенок', 'маленькая уточка']"
257,duck,парусина,noun,[],[]
258,duck,утятина,noun,[],[]
259,duck,душка,noun,[],[]
260,duck,нырок,noun,[],[]
261,duck,нагнуться,verb,[],[]
262,duck,нырять,verb,[],[]
263,duck,увернуться,verb,[],[]
264,duck,наклонить,verb,[],[]
265,duck,утиный,adjective,['duck hunt'],['утиная охота']
266,coincide,совпадать,verb,[],[]
267,coincide,совмещаться,verb,[],[]
268,exactly,именно,particle,['contain exactly'],['содержать ровно']
269,exactly,точно,adverb,['exactly solvable model'],['точно решаемая модель']
270,exactly,совсем,adverb,[],[]
271,exactly,как раз,adverb,[],[]
272,exactly,конкретно,adverb,[],[]
273,exactly,в точности,adverb,[],[]
274,exactly,аккурат,adverb,[],[]
275,exactly,точь,adverb,[],[]
276,exactly,совершенно верно,adjective,[],[]
277,exhaustively,исчерпывающе,adverb,[],[]
278,exhaustively,полностью,adverb,[],[]
279,exhaustively,тщательно,adverb,[],[]
280,apoplexy,удар,noun,[],[]
281,apoplexy,инсульт,noun,[],[]
282,apoplexy,кровоизлияние,noun,[],[]
283,apoplexy,апоплексический,adjective,[],[]
284,coconut,кокос,noun,['green coconut'],['зеленый кокос']
285,coconut,мякоть кокоса,noun,[],[]
286,coconut,кокосовый,adjective,"['coconut oil', 'coconut palm tree', 'coconut milk']","['кокосовое масло', 'кокосовая пальма', 'кокосовое молоко']"
287,international,международный,adjective,"['international covenant', 'international monetary fund', 'international olympic committee', 'international finance corporation', 'international civil aviation', 'international economic relations', 'international polar year', 'international armed conflict', 'international red cross', 'international duty']","['международный пакт', 'международный валютный фонд', 'международный олимпийский комитет', 'международная финансовая корпорация', 'международная гражданская авиация', 'международные экономические отношения', 'международный полярный год', 'международный вооруженный конфликт', 'международный красный крест', 'интернациональный долг']"
288,international,Интернационал,noun,[],[]
289,synchrophasotron,синхрофазотрон,noun,[],[]
290,best,лучший,adjective,['best quality'],['лучшее качество']
291,best,наивысший,adjective,[],[]
292,best,лучше всего,adverb,[],[]
293,best,Бест,noun,[],[]
294,parent,родитель,noun,['love for his parents'],['любовь к родителям']
295,parent,предок,noun,[],[]
296,parent,отец,noun,[],[]
297,parent,родительский элемент,noun,[],[]
298,parent,родительница,noun,[],[]
299,parent,родительский,adjective,"['parent element', 'ultimate parent company']","['родительский элемент', 'материнская компания']"
300,parent,исходный,adjective,['parent compound'],['исходное соединение']
301,parent,вышестоящий,adjective,['parent body'],['вышестоящий орган']
302,parent,один из родителей,pronoun,[],[]
303,ocean,океан,noun,"['world ocean', 'ocean surface temperature', 'deep blue ocean', 'great western ocean', 'turquoise ocean']","['мировой океан', 'температура поверхности океана', 'синий океан', 'великий западный океан', 'бирюзовое море']"
304,ocean,дно океана,noun,[],[]
305,ocean,океанский,adjective,"['fresh ocean air', 'luxury ocean liner', 'warm ocean current', 'ocean basin', 'ocean carrier']","['свежий океанский воздух', 'роскошный океанский лайнер', 'теплое океанское течение', 'океанический бассейн', 'морской перевозчик']"
306,coincidental,случайный,adjective,['coincidental events'],['случайные события']
307,coincidental,совпадающий,participle,[],[]
308,coincidental,случайное совпадение,noun,[],[]
309,buzzer,сирена,noun,"['final buzzer', 'buzzer sound']","['финальная сирена', 'звук зуммера']"
310,buzzer,звонок,noun,['alarm buzzer'],['тревожный звонок']
311,buzzer,пищалка,noun,[],[]
312,buzzer,зуммерный,adjective,[],[]
313,century,век,noun,"['century ad', 'beginning of last century']","['столетие нашей эры', 'начало прошлого столетия']"
314,century,столетье,noun,[],[]
315,century,центурия,noun,[],[]
316,century,вековой,adjective,['century oak'],['вековой дуб']
317,century,в.,no_pos_available,[],[]
318,euro,евро,noun,['euro exchange rate'],['курс евро']
319,euro,ЕРБ,noun,[],[]
320,euro,европейский,adjective,[],[]
321,dynamite,динамит,noun,[],[]
322,dynamite,динамитная шашка,noun,[],[]
323,dynamite,динамитный,adjective,['dynamite bomb'],['динамитная бомба']
324,dynamite,взрывной,adjective,[],[]
325,afraid,испуганный,adjective,[],[]
326,afraid,боящийся,participle,[],[]
327,afraid,напуганный,participle,[],[]
328,afraid,страшно,adverb,[],[]
329,afraid,боязно,predicative,[],[]
330,peremptory,императивный,adjective,"['peremptory rule', 'peremptory tone']","['императивная норма', 'повелительный тон']"
331,peremptory,безапелляционный,adjective,[],[]
332,member,член,noun,"['member of congress', 'flight crew member', 'full fledged member', 'stock exchange member', 'members of nongovernmental organizations', 'member of civil society', 'foreign honorary member', 'local community members', 'expedition member']","['член конгресса', 'член летного экипажа', 'полноправный член', 'член биржи', 'члены неправительственных организаций', 'член гражданского общества', 'иностранный почетный член', 'члены местного сообщества', 'участник экспедиции']"
333,member,представитель,noun,['members of ethnic minorities'],['представители этнических меньшинств']
334,member,элемент,noun,['calculated member'],['вычисляемый элемент']
335,member,депутат,noun,[],[]
336,member,член организации,noun,[],[]
337,member,членский,adjective,[],[]
338,childhood,детство,noun,"['happy childhood', 'early childhood education', 'friends of his childhood']","['счастливое детство', 'образование в раннем детстве', 'друзья детства']"
339,childhood,детский,adjective,['childhood dream'],['детская мечта']
340,plate,пластина,noun,"['thin metal plate', 'nail plate', 'guide plate']","['тонкие металлические пластины', 'ногтевая пластинка', 'направляющая планка']"
341,plate,плита,noun,"['reinforced concrete plate', 'memorial plate', 'mounting plate']","['железобетонная плита', 'памятная доска', 'монтажная плата']"
342,plate,тарелка,noun,"['paper plate', 'silver plate', 'little plates']","['бумажная тарелка', 'серебряное блюдо', 'маленькие тарелочки']"
343,plate,лист,noun,['steel plate'],['стальной лист']
344,plate,номерной знак,noun,[],[]
345,plate,дощечка,noun,"['wooden plates', 'name plate']","['деревянные дощечки', 'фирменная табличка']"
346,plate,панель,noun,['front plate'],['передняя панель']
347,plate,накладка,noun,['decorative plates'],['декоративные накладки']
348,plate,платформа,noun,['tectonic plate'],['тектоническая платформа']
349,plate,стяжка,noun,[],[]
350,plate,бляха,noun,[],[]
351,plate,толстый лист,noun,[],[]
352,plate,листовой,adjective,[],[]
353,plate,пластинчатый,adjective,"['plate heat exchanger', 'plate material']","['пластинчатый теплообменник', 'плитный материал']"
354,fish,рыба,noun,"['fresh water fish', 'large predatory fish', 'deep sea fish', 'length of this fish', 'tropical fish', 'golden fish']","['пресноводная рыба', 'крупная хищная рыба', 'глубоководная рыба', 'длина этой рыбы', 'тропическая рыба', 'золотая рыбка']"
355,fish,Фиш,noun,[],[]
356,fish,рыбный,adjective,"['fish dish', 'local fish market', 'fish liver oil']","['рыбное блюдо', 'местный рыбный рынок', 'рыбий жир']"
357,fish,ловить рыбу,verb,[],[]
358,fish,удить,verb,[],[]
359,fish,выудить,verb,[],[]
360,farmer,фермер,noun,"['local farmer', 'national farmers union', 'small scale farmers', 'dairy farmers']","['местный фермер', 'национальный союз фермеров', 'мелкие фермеры', 'молочные фермы']"
361,farmer,хуторянин,noun,['old farmer'],['старый хуторянин']
362,farmer,откупщик,noun,[],[]
363,farmer,сельхозпроизводитель,noun,['large farmers'],['крупные сельхозпроизводители']
364,farmer,крестьянин,noun,['wealthy farmer'],['зажиточный крестьянин']
365,farmer,колхозник,noun,['young farmer'],['молодой колхозник']
366,farmer,земледелец,noun,['sedentary farmers'],['оседлые земледельцы']
367,farmer,фармер,noun,[],[]
368,farmer,фермерство,noun,[],[]
369,farmer,хозяин,noun,[],[]
370,farmer,животновод,noun,[],[]
371,farmer,огородник,noun,[],[]
372,farmer,хлебороб,noun,[],[]
373,farmer,сельский хозяин,noun,[],[]
374,farmer,единоличник,noun,[],[]
375,farmer,фермерша,noun,[],[]
376,farmer,фермерский,adjective,['farmers market'],['фермерский рынок']
377,drawing,рисунок,noun,"['drawings by old masters', 'general arrangement drawing', 'complete set of drawings', 'own drawing']","['рисунки старых мастеров', 'компоновочный чертеж', 'комплект чертежей', 'собственный эскиз']"
378,drawing,рисование,noun,"['drawing tool', 'drawing area']","['инструмент рисования', 'область черчения']"
379,drawing,волочение,noun,['cold drawing'],['холодное волочение']
380,drawing,розыгрыш,noun,['big drawing'],['большой розыгрыш']
381,drawing,заимствование,noun,"['special drawing right', 'drawing attention']","['специальное право заимствования', 'привлечение внимания']"
382,drawing,графика,noun,['book drawing'],['книжная графика']
383,drawing,нанесение,noun,[],[]
384,drawing,составление,noun,[],[]
385,drawing,вытяжка,noun,['deep drawing'],['глубокая вытяжка']
386,drawing,тираж,noun,[],[]
387,drawing,чертежный,adjective,['drawing board'],['чертежная доска']
388,drawing,графический,adjective,['drawing object'],['графический объект']
389,drawing,рисующий,participle,[],[]
390,drawing,привлекающий,participle,[],[]
391,drawing,рисуемый,participle,[],[]
392,explain,объяснять,verb,"['explain the difference', 'explain to people', 'explain the phenomena']","['объяснять разницу', 'разъяснять людям', 'объяснить феномены']"
393,explain,раскрывать,verb,[],[]
394,explain,изложить,verb,['explain briefly'],['изложить вкратце']
395,explain,растолковать,verb,[],[]
396,explain,объясниться,verb,[],[]
397,explain,изъяснять,verb,[],[]
398,explain,давать объяснения,verb,[],[]
399,typhus,сыпной тиф,noun,['abdominal typhus'],['брюшной тиф']
400,typhus,сыпняк,noun,[],[]
401,typhus,тифозный,adjective,[],[]
402,precedent,прецедент,noun,['historical precedent'],['исторический прецедент']
403,precedent,предыдущий,adjective,[],[]
404,precedent,прецедентный,adjective,['precedent case'],['прецедентное дело']
405,precedent,предшествующий,participle,[],[]
406,advertisement,реклама,noun,"['television advertisement', 'public service advertisement', 'advertisements in newspapers']","['телевизионная реклама', 'социальная реклама', 'объявления в газетах']"
407,advertisement,анонс,noun,[],[]
408,advertisement,рекламный материал,noun,[],[]
409,advertisement,рекламный ролик,noun,[],[]
410,advertisement,рекламное сообщение,noun,[],[]
411,advertisement,рекламоноситель,noun,[],[]
412,advertisement,рекламирование,noun,[],[]
413,advertisement,рекламный,adjective,['advertisement banner'],['рекламный баннер']
414,issue,вопрос,noun,"['key issue', ""women's issue"", 'foreign policy issue', 'issue of death penalty', 'national security issue', 'human rights issue', 'important global issue', 'sensitive issue', 'priority issue']","['ключевой вопрос', 'женский вопрос', 'вопрос внешней политики', 'вопрос о смертной казни', 'вопрос национальной безопасности', 'проблема прав человека', 'важная глобальная проблема', 'щекотливая тема', 'приоритетная задача']"
415,issue,выпуск,noun,['special issue'],['специальный выпуск']
416,issue,выдача,noun,['place of issue'],['место выдачи']
417,issue,номер,noun,"[""today's issue""]",['сегодняшний номер']
418,issue,вытекание,noun,[],[]
419,issue,эмиссия,noun,[],[]
420,issue,выдавать,verb,['issue certificates'],['выдавать сертификаты']
421,issue,выпускать,verb,"['issue shares', 'issued share capital']","['выпускать акции', 'выпущенный акционерный капитал']"
422,issue,издавать,verb,"['issue orders', 'issue a decree', 'issue a report']","['издавать приказы', 'издать указ', 'опубликовать доклад']"
423,issue,оформить,verb,[],[]
424,issue,эмиссионный,adjective,[],[]
425,fifty,пятьдесят,numeral,[],[]
426,fifty,полсотни,numeral,[],[]
427,fifty,пятьдесят человек,noun,[],[]
428,fifty,полусотня,noun,[],[]
429,fifty,полтинник,noun,[],[]
430,fifty,пятидесятый,adjective,[],[]
431,thousand,тыс.,no_pos_available,[],[]
432,thousand,тысячелетие,noun,[],[]
433,thousand,множество,noun,[],[]
434,thousand,тысяча долларов,noun,[],[]
435,thousand,тысяча,noun,[],[]
436,thousand,тысячный,numeral,[],[]
437,aged,престарелый,adjective,[],[]
438,aged,взрослый,adjective,[],[]
439,aged,выдержанный,participle,[],[]
440,aged,состаренный,participle,[],[]
441,aged,достигший,participle,[],[]
442,aged,постаревший,participle,[],[]
443,aged,в возрасте,adverb,[],[]
444,file,папка,noun,"['green file', 'medical files', 'new file', 'file name extension', 'transaction log file', 'file transfer protocol', 'file allocation table', 'package definition file', 'workgroup information file', 'data text file', 'executable file']","['зеленая папка', 'медицинский архив', 'новый файл', 'расширение имени файла', 'файл журнала транзакций', 'протокол передачи файлов', 'таблица размещения файлов', 'файл определения пакета', 'файл рабочей группы', 'текстовый файл данных', 'исполняемый файл']"
445,file,напильник,noun,['round file'],['круглый напильник']
446,file,досье,noun,['credit file'],['кредитное досье']
447,file,дело,noun,['personal file'],['личное дело']
448,file,массив,noun,[],[]
449,file,подача,noun,[],[]
450,file,картотека,noun,['electronic file'],['электронная картотека']
451,file,файловый,adjective,['root file system'],['корневая файловая система']
452,file,подавать,verb,[],[]
453,file,хранить,verb,[],[]
454,pen,ручка,noun,"['ballpoint pen', 'ball point pen', 'light pen']","['шариковая ручка', 'шариковая ручка', 'световое перо']"
455,pen,рейсфедер,noun,[],[]
456,pen,фломастер,noun,[],[]
457,pen,загон,noun,['sheep pen'],['овечий загон']
458,pen,Перу,noun,[],[]
459,pen,пена,noun,[],[]
460,pen,пенал,noun,[],[]
461,pen,световое перо,noun,[],[]
462,pen,писать,verb,[],[]
463,pen,перьевой,adjective,['pen tablet'],['перьевой планшет']
464,fan,вентилятор,noun,"['ceiling fan', 'axial flow fan']","['потолочный вентилятор', 'осевой вентилятор']"
465,fan,фанат,noun,"['real fan', 'fans of football club', 'ice hockey fan', 'fan of computer games', 'true fans', 'fan of classical music', 'long time fan', 'loyal fan']","['настоящий фанат', 'болельщики футбольного клуба', 'хоккейный болельщик', 'любитель компьютерных игр', 'истинные почитатели', 'поклонник классической музыки', 'давний поклонник', 'преданная поклонница']"
466,fan,веер,noun,['fan of peacock feathers'],['веер из павлиньих перьев']
467,fan,фэн,noun,['new fans'],['новые фэны']
468,fan,болельщица,noun,[],[]
469,fan,веялка,noun,[],[]
470,fan,обмахивать,verb,[],[]
471,fan,раздувать,verb,['fan the flames'],['раздувать пламя']
472,fan,дуть,verb,[],[]
473,fan,вентиляторный,adjective,[],[]
474,fan,фанатский,adjective,['fan group'],['фанатская группировка']
475,fan,веерный,adjective,['fan palm'],['веерная пальма']
476,pasta,паста,noun,['type of pasta'],['вид пасты']
477,pasta,блюда из макарон,noun,[],[]
478,hot,горячий,adjective,"['hot spot', 'hot water supply', 'hot plastic deformation', 'hot green tea', 'natural hot spring', 'hot exhaust gas', 'hot apple pie', 'long hot summer', 'hot towel', 'hot desert']","['горячая точка', 'горячее водоснабжение', 'горячая пластическая деформация', 'горячий зеленый чай', 'природный горячий источник', 'горячий выхлопной газ', 'горячий яблочный пирог', 'долгое жаркое лето', 'теплое полотенце', 'знойная пустыня']"
479,hot,острый,adjective,['hot red pepper'],['острый красный перец']
480,hot,популярный,adjective,[],[]
481,hot,жгучий,adjective,['hot taste'],['жгучий вкус']
482,hot,горячительный,adjective,[],[]
483,hot,жарко,adverb,[],[]
484,hot,горячо,adverb,['hot cocoa'],['горячее какао']
485,hot,разгоряченный,participle,[],[]
486,hot,горящий,participle,[],[]
487,hot,накалиться,verb,[],[]
488,engine,двигатель,noun,"['engine code', 'gas turbine engine', 'engine management system', 'nuclear rocket engine', 'right engine failure', 'litre petrol engine', 'liter gasoline engine', 'aircraft engine', 'boat engine', 'new graphics engine']","['код двигателя', 'газотурбинный двигатель', 'система управления двигателем', 'ядерный ракетный двигатель', 'отказ правого двигателя', 'литровый бензиновый двигатель', 'литровый бензиновый двигатель', 'авиационный двигатель', 'лодочный мотор', 'новый графический движок']"
489,engine,машина,noun,['fire engine'],['пожарная машина']
490,engine,локомотив,noun,"['powerful engine', 'old engine']","['мощный локомотив', 'старый паровоз']"
491,engine,механизм,noun,['print engine'],['механизм печати']
492,engine,ядро,noun,[],[]
493,engine,движитель,noun,[],[]
494,engine,машинный,adjective,"['engine department', 'engine compartment']","['машинное отделение', 'моторный отсек']"
495,engine,движущий,participle,[],[]
496,advanced,передовой,adjective,['advanced technology'],['передовая технология']
497,advanced,развитой,adjective,[],[]
498,advanced,дополнительный,adjective,[],[]
499,advanced,перспективный,adjective,[],[]
500,advanced,развитый,adjective,[],[]
501,advanced,опытный,adjective,[],[]
502,advanced,повышенный,adjective,[],[]
503,advanced,преклонный,adjective,[],[]
504,advanced,усовершенствованный,participle,[],[]
505,advanced,расширенный,participle,[],[]
506,advanced,продвинутый,participle,[],[]
507,advanced,выдвинутый,participle,[],[]
508,advanced,углубленный,participle,[],[]
509,advanced,опережающий,participle,[],[]
510,advanced,авансированный,participle,[],[]
511,expertise,экспертиза,noun,['expertise of industrial safety'],['экспертиза промышленной безопасности']
512,expertise,компетентность,noun,['functional expertise'],['профессиональная компетенция']
513,expertise,мастерство,noun,['technological expertise'],['технологическое мастерство']
514,expertise,квалификация,noun,['professional expertise'],['профессиональная квалификация']
515,expertise,опыт,noun,['design expertise'],['опыт проектирования']
516,expertise,экспертные знания,noun,[],[]
517,expertise,эксперт,noun,[],[]
518,expertise,профессионализм,noun,[],[]
519,expertise,экспертный потенциал,noun,[],[]
520,expertise,знание дела,noun,[],[]
521,expertise,деловой опыт,noun,[],[]
522,expertise,экспертный,adjective,['center of expertise'],['экспертный центр']
523,dry,сухой,adjective,[],[]
524,dry,суховатый,adjective,[],[]
525,dry,высыхание,noun,"['dry time', 'method of drying']","['время высыхания', 'способ сушки']"
526,dry,сухость,noun,[],[]
527,dry,сушить,verb,"['dry things', 'dried blood', 'dry completely']","['сушить вещи', 'высушенная кровь', 'высохнуть полностью']"
528,dry,вытереть,verb,[],[]
529,dry,просушивать,verb,[],[]
530,dry,насухо,adverb,[],[]
531,fantastic,фантастический,adjective,"['fantastic story', 'fantastic character', 'fantastic view']","['фантастическая история', 'сказочный персонаж', 'великолепный вид']"
532,fantastic,причудливый,adjective,['fantastic shapes'],['причудливые очертания']
533,fantastic,замечательный,adjective,"['fantastic team', 'fantastic things', 'fantastic place']","['замечательная команда', 'удивительные вещи', 'чудесное место']"
534,fantastic,отличный,adjective,[],[]
535,fantastic,сказовый,adjective,[],[]
536,fantastic,просто фантастический,adjective,[],[]
537,fantastic,небывалый,adjective,[],[]
538,fantastic,умопомрачительный,adjective,[],[]
539,fantastic,потрясающий,participle,[],[]
540,fantastic,фантастически,adverb,[],[]
541,eighty,восемьдесят,numeral,[],[]
542,eighty,восемьдесят лет,noun,[],[]
543,eighty,восьмидесятый,adjective,[],[]
544,bedroom,спальня,noun,"['bedroom window', 'master bedroom suite']","['окно спальни', 'главная спальня']"
545,bedroom,спальная,noun,[],[]
546,fit,пригонка,noun,[],[]
547,fit,припадок,noun,['hysterical fit'],['истерический припадок']
548,fit,помещаться,verb,[],[]
549,fit,подходить,verb,[],[]
550,fit,приспосабливать,verb,[],[]
551,fit,соответствовать,verb,['fit the facts'],['соответствовать фактам']
552,fit,установить,verb,[],[]
553,fit,вписываться,verb,[],[]
554,fit,поместить,verb,[],[]
555,fit,подогнать,verb,[],[]
556,fit,вписать,verb,[],[]
557,fit,влезть,verb,[],[]
558,fit,встраивать,verb,[],[]
559,fit,втиснуть,verb,[],[]
560,fit,уложиться,verb,[],[]
561,fit,пригодный,adjective,[],[]
562,fit,годный,adjective,[],[]
563,fit,нужный,adjective,[],[]
564,earn,зарабатывать,verb,"['earn a living', 'earn good money', 'earn extra points', 'earn a degree']","['зарабатывать на жизнь', 'зарабатывать хорошие деньги', 'заработать дополнительные очки', 'получить степень']"
565,earn,заслуживать,verb,"['earn the title', 'earn respect']","['заслужить звание', 'завоевать уважение']"
566,earn,приносить,verb,[],[]
567,earn,неплохо зарабатывать,verb,[],[]
568,earn,получать доход,verb,[],[]
569,aeroplane,самолет,noun,['new aeroplane'],['новый самолет']
570,especially,особенно,adverb,"['especially noticeable', 'especially valuable']","['особенно заметный', 'особо ценный']"
571,especially,сугубо,adverb,[],[]
572,especially,главным образом,noun,[],[]
573,entrance,вход,noun,"['own private entrance', 'solemn entrance', 'grand entrance']","['отдельный вход', 'торжественный въезд', 'торжественный выход']"
574,entrance,поступление,noun,['early entrance'],['раннее поступление']
575,entrance,входная дверь,noun,[],[]
576,entrance,доступ,noun,['free entrance'],['свободный доступ']
577,entrance,прихожая,noun,[],[]
578,entrance,ход,noun,[],[]
579,entrance,проходная,noun,[],[]
580,entrance,входной,adjective,"['entrance ticket', 'entrance branch pipe', 'main entrance door']","['входной билет', 'входной патрубок', 'главная входная дверь']"
581,entrance,вступительный,adjective,"['competitive entrance examination', 'graduate school entrance exams', 'pay an entrance fee']","['конкурсный вступительный экзамен', 'вступительные экзамены в аспирантуру', 'платить вступительный взнос']"
582,entrance,въездной,adjective,['entrance visa'],['въездная виза']
583,extra,дополнительный,adjective,"['extra bed', 'extra fuel tank', 'earn extra points', 'extra spatial dimensions', 'extra baggage allowance', 'extra storage space', 'do extra work', 'extra cost']","['дополнительная кровать', 'дополнительный топливный бак', 'заработать дополнительные очки', 'дополнительные пространственные измерения', 'дополнительный багаж', 'дополнительное место для хранения', 'выполнять дополнительную работу', 'добавочная стоимость']"
584,extra,лишний,adjective,"['spend the extra money', 'extra damage', 'extra pressure', 'extra moisture']","['тратить лишние деньги', 'повышенный урон', 'избыточное давление', 'излишняя влага']"
585,extra,экстренный,adjective,['extra expenses'],['экстренные расходы']
586,extra,особый,adjective,['take extra care'],['проявлять особую осторожность']
587,extra,заемный,adjective,['extra capital'],['заемный капитал']
588,extra,высший,adjective,[],[]
589,extra,экстра,noun,['extra class'],['экстра класса']
590,extra,доплата,noun,[],[]
591,extra,статист,noun,[],[]
592,extra,дополнение,noun,[],[]
593,extra,массовка,noun,[],[]
594,extra,особо,adverb,[],[]
595,extra,дополнительно,adverb,[],[]
596,extra,отдельно,adverb,[],[]
597,extra,сверх,preposition,[],[]
598,singular,странный,adjective,"['singular coincidence', 'singular beauty']","['странное совпадение', 'необычайная красота']"
599,singular,исключительный,adjective,"['singular form', 'isolated singular point', 'singular facts']","['исключительная форма', 'изолированная особая точка', 'своеобразные явления']"
600,singular,единичный,adjective,"['singular event', 'singular advantage', 'singular purpose']","['единичное событие', 'уникальное преимущество', 'единственная цель']"
601,singular,сингулярный,adjective,"['singular integral equation', 'singular value decomposition']","['сингулярное интегральное уравнение', 'сингулярное разложение']"
602,singular,удивительный,adjective,[],[]
603,singular,единственное число,noun,[],[]
604,singular,сингулярно,adverb,[],[]
605,earring,серьга,noun,"['diamond earring', 'pearl earring']","['бриллиантовая серьга', 'жемчужная сережка']"
606,fall,упасть,verb,"['fallen tree trunk', 'fall to earth', 'fall overboard']","['ствол упавшего дерева', 'падать на землю', 'свалиться за борт']"
607,fall,снижаться,verb,[],[]
608,fall,попадать,verb,['fall directly'],['попадать непосредственно']
609,fall,приходиться,verb,[],[]
610,fall,впадать,verb,"['fall into depression', 'fall into temptation']","['впадать в депрессию', 'впасть в искушение']"
611,fall,подпадать,verb,[],[]
612,fall,влюбляться,verb,[],[]
613,fall,обрушиться,verb,[],[]
614,fall,попасться,verb,[],[]
615,fall,оказаться,verb,[],[]
616,fall,падение,noun,"[""communism's fall"", 'fall in blood pressure', 'fall in oil prices', 'fall in living standards']","['падение коммунизма', 'падение кровяного давления', 'падение цен на нефть', 'падение уровня жизни']"
617,fall,осень,noun,['early fall'],['начало осени']
618,fall,грехопадение,noun,['fall of adam'],['грехопадение адама']
619,fall,осенний,adjective,['beautiful fall day'],['прекрасный осенний день']
620,news,новость,noun,"['important news', 'international news stories', 'tragic news', 'news release', 'preach the good news']","['важная новость', 'международные новости', 'трагическое известие', 'сообщение для печати', 'проповедовать благую весть']"
621,news,весточка,noun,[],[]
622,news,Ньюс,noun,[],[]
623,news,новинка,noun,['fashion news'],['модные новинки']
624,news,выпуск новостей,noun,[],[]
625,news,известия,noun,[],[]
626,news,новостной,adjective,['online news site'],['новостной сайт']
627,ago,назад,adverb,[],[]
628,electric,электрический,adjective,[],[]
629,electric,электромонтажный,adjective,[],[]
630,electric,электроизмерительный,adjective,[],[]
631,electric,наэлектризованный,participle,[],[]
632,enter,входить,verb,"['enter freely', 'enter the university', 'enter the room', 'enter into force', 'enter the game', 'enter the bloodstream']","['входить беспрепятственно', 'поступать в университет', 'войти в комнату', 'вступать в силу', 'зайти в игру', 'попадать в кровь']"
633,enter,заключать,verb,['enter into contracts'],['заключать контракты']
634,enter,въезжать,verb,[],[]
635,enter,проникать,verb,"['enter the cells', 'enter inside']","['проникать в клетки', 'проникнуть внутрь']"
636,enter,вступить,verb,[],[]
637,enter,ввести,verb,"['enter the password', 'then enter']","['ввести пароль', 'затем вводить']"
638,enter,указать,verb,[],[]
639,enter,ввод,noun,[],[]
640,start,начать,verb,"['start new businesses', 'start immediately', 'start simultaneously', 'start over again', 'start treatment']","['начать новый бизнес', 'начинаться сразу', 'стартовать одновременно', 'начинать снова', 'приступать к лечению']"
641,start,запустить,verb,"['start the service', 'start games']","['запустить службу', 'запускать игры']"
642,start,вздрагивать,verb,[],[]
643,start,завести,verb,[],[]
644,start,заняться,verb,[],[]
645,start,затеять,verb,[],[]
646,start,начало,noun,"['start of fiscal year', 'start of last season', 'start of his career', 'start of program execution', 'start of construction work']","['начало финансового года', 'начало прошлого сезона', 'начало своей карьеры', 'начало выполнения программы', 'начало строительных работ']"
647,start,старт,noun,"['quick start', 'sequence start', 'operating system to start']","['быстрый старт', 'последовательный пуск', 'операционная система для запуска']"
648,start,начальный,adjective,"['start address', 'start bit']","['начальный адрес', 'стартовый бит']"
649,alcohol,алкоголь,noun,"['alcohol abuse', 'level of alcohol consumption', 'harmful use of alcohol', 'bottle of alcohol']","['злоупотребление алкоголем', 'уровень потребления алкоголя', 'злоупотребление алкоголем', 'бутылка спиртного']"
650,alcohol,спирт,noun,"['concentration of ethyl alcohol', 'minimum alcohol content']","['концентрация этилового спирта', 'содержание спирта']"
651,alcohol,употребление алкоголя,noun,[],[]
652,alcohol,алкоголизм,noun,['alcohol treatment'],['лечение алкоголизма']
653,alcohol,алкогольный,adjective,"['fetal alcohol syndrome', 'acute alcohol intoxication', 'alcohol beverages', 'alcohol production']","['фетальный алкогольный синдром', 'острая алкогольная интоксикация', 'спиртные напитки', 'спиртовое производство']"
654,intelligent,умный,adjective,"['intelligent dog', 'intelligent boy', 'intelligent guy', 'intelligent person']","['умная собака', 'смышленый мальчик', 'толковый парень', 'грамотный человек']"
655,intelligent,разумный,adjective,"['intelligent human being', 'intelligent life form', 'intelligent design theory']","['разумный человек', 'разумная форма жизни', 'теория разумного замысла']"
656,intelligent,осмысленный,adjective,[],[]
657,intelligent,продуманный,adjective,[],[]
658,intelligent,неглупый,adjective,[],[]
659,intelligent,микропроцессорный,adjective,[],[]
660,intelligent,понятливый,adjective,['intelligent student'],['понятливый ученик']
661,intelligent,мыслящий,participle,[],[]
662,intelligent,программируемый,participle,[],[]
663,intelligent,настраиваемый,participle,[],[]
664,intelligent,понимающий,participle,[],[]
665,refugee,беженец,noun,"['refugee camp', 'granted refugee status', 'human rights of refugees', 'political refugee']","['лагерь беженцев', 'статус беженца', 'права беженцев', 'политический эмигрант']"
666,refugee,беженка,noun,[],[]
667,refugee,беглец,noun,[],[]
668,refugee,беженский,adjective,[],[]
669,enough,достаточно,adverb,[],[]
670,enough,предостаточно,adverb,[],[]
671,enough,достаточное количество,noun,[],[]
672,enough,маловато,adjective,[],[]
673,enough,достаточно многие,pronoun,[],[]
674,behind,за,preposition,['behind bars'],['за решеткой']
675,behind,позади,preposition,['leave behind'],['оставить позади']
676,behind,сзади,adverb,[],[]
677,behind,назад,adverb,[],[]
678,behind,вслед за,adverb,[],[]
679,behind,за спиной,adverb,[],[]
680,behind,в основе,adverb,[],[]
681,fair,справедливый,adjective,"['fair trade', 'fair market value', 'fair working conditions', 'fair distribution of wealth', 'right to fair trial', 'fair play', 'fair use doctrine', 'office of fair trading']","['справедливая торговля', 'справедливая рыночная стоимость', 'справедливые условия труда', 'справедливое распределение богатства', 'право на справедливый суд', 'честная игра', 'доктрина добросовестного использования', 'управление по добросовестной торговле']"
682,fair,красивый,adjective,"['fair sons', 'fair sex']","['красивые сыновья', 'прекрасный пол']"
683,fair,светлый,adjective,['fair hair'],['светлые волосы']
684,fair,беспристрастный,adjective,"['fair hearing', 'fair tests']","['беспристрастное слушание дела', 'объективные тесты']"
685,fair,белокурый,adjective,[],[]
686,fair,ярмарочный,adjective,['fair centre'],['ярмарочный центр']
687,fair,изрядный,adjective,['fair share'],['изрядная доля']
688,fair,удовлетворительно,adjective,[],[]
689,fair,попутный,adjective,['fair wind'],['попутный ветер']
690,fair,чистовой,adjective,[],[]
691,fair,выставка,noun,"['furniture fair', 'international contemporary art fair']","['выставка мебели', 'международная ярмарка современного искусства']"
692,fair,справедливость,noun,[],[]
693,fair,салон,noun,[],[]
694,fair,справедливо,adverb,[],[]
695,genetically,генетически,adverb,['genetically modified organism'],['генетически модифицированный организм']
696,genetically,генетический,adjective,[],[]
697,mug,кружка,noun,"['beer mug', 'coffee mug']","['пивная кружка', 'чашка кофе']"
698,mug,рожица,noun,[],[]
699,mug,бокал,noun,[],[]
700,mug,рыло,noun,[],[]
701,mug,балбес,noun,[],[]
702,mug,мурло,noun,[],[]
703,mug,ебальник,noun,[],[]
704,mug,грабить,verb,[],[]
705,countryside,сельская местность,noun,"['beautiful countryside', 'development of the countryside']","['красивые деревни', 'развитие села']"
706,countryside,природа,noun,[],[]
707,countryside,пригород,noun,[],[]
708,countryside,сельские районы,noun,[],[]
709,countryside,загородная местность,noun,[],[]
710,countryside,сельский ландшафт,noun,[],[]
711,countryside,сельский,adjective,"['countryside life', 'countryside village']","['сельская жизнь', 'загородный поселок']"
712,electricity,электричество,noun,['charges of static electricity'],['заряды статического электричества']
713,electricity,свет,noun,[],[]
714,electricity,электрический,adjective,"['national electricity grid', 'electricity generation capacity', 'electricity industry']","['национальная электрическая сеть', 'электрическая мощность', 'электроэнергетическая промышленность']"
715,spoon,ложка,noun,['tea spoon'],['чайная ложечка']
716,spoon,блесна,noun,[],[]
717,spoon,обниматься,verb,[],[]
718,spoon,черпать ложкой,verb,[],[]
719,journey,путешествие,noun,"['end of his journey', 'purpose of this journey', 'spiritual journey']","['конец путешествию', 'цель этой поездки', 'духовное странствие']"
720,journey,путь,noun,"['last journey', 'complete journey', 'long journey']","['последний путь', 'полный маршрут', 'дальняя дорога']"
721,journey,рейс,noun,['return journey'],['обратный рейс']
722,journey,проезд,noun,['cost of the journey'],['стоимость проезда']
723,journey,переезд,noun,['night journeys'],['ночных переездов']
724,journey,странствование,noun,[],[]
725,journey,путешествовать,verb,[],[]
726,table,таблица,noun,"['file allocation table', 'local temporary table']","['таблица размещения файлов', 'локальная временная таблица']"
727,table,стол,noun,"['negotiating table', 'dining room table', 'table working surface', 'round work table', 'universal operating table', 'rotary indexing table', 'night table']","['стол переговоров', 'обеденный стол', 'рабочая поверхность стола', 'круглый стол', 'универсальный операционный стол', 'поворотный стол', 'ночной столик']"
728,table,скрижаль,noun,['tables of testimony'],['скрижали откровения']
729,table,расписание,noun,[],[]
730,table,табель,noun,['table of ranks'],['табель о рангах']
731,table,столовая,noun,[],[]
732,table,табличка,noun,['rock table'],['каменная табличка']
733,table,настольный,adjective,[],[]
734,table,табличный,adjective,['table space'],['табличное пространство']
735,table,застольный,adjective,[],[]
736,table,на стол,adverb,[],[]
737,shampoo,шампунь,noun,['dry shampoo'],['сухой шампунь']
738,shampoo,мытье головы,noun,[],[]
739,shampoo,мыть,verb,[],[]
740,finger,палец,noun,"['middle finger', 'right index finger', 'long slender fingers', 'thick finger', 'pointing finger', 'tiny fingers']","['средний палец', 'правый указательный палец', 'длинные тонкие пальцы', 'толстый палец', 'указующий перст', 'крошечные пальчики']"
741,finger,отпечаток пальца,noun,[],[]
742,finger,указующий перст,noun,[],[]
743,finger,пальцевой,adjective,[],[]
744,finger,пальчиковый,adjective,[],[]
745,finger,теребить,verb,[],[]
746,elephant,слон,noun,"['white elephant', 'asian elephant', 'pink elephant']","['белый слон', 'азиатский слон', 'розовый слоник']"
747,elephant,Элефант,noun,[],[]
748,elephant,слоновий,pronoun,['elephant tusk'],['слоновий бивень']
749,elephant,слоновый,adjective,['elephant grass'],['слоновая трава']
750,add,добавлять,verb,"['add salt', 'add sound', 'added value', 'add speed']","['добавлять соль', 'прибавлять звук', 'добавленная стоимость', 'прибавить скорость']"
751,add,складывать,verb,['add numbers'],['складывать числа']
752,add,дополнить,verb,[],[]
753,add,придавать,verb,['added mass'],['присоединенная масса']
754,add,добавиться,verb,[],[]
755,add,подлить,verb,['add oil'],['долить масло']
756,add,пополнять,verb,[],[]
757,add,дописать,verb,[],[]
758,add,присовокупить,verb,[],[]
759,add,дополнительный,adjective,['added weight'],['дополнительный вес']
760,grandchild,внук,noun,['young grandchildren'],['маленькие внуки']
761,advice,консультация,noun,"['technical advice', 'legal advice office', ""doctor's advice"", 'policy advice']","['техническая консультация', 'юридическая консультация', 'консультация врача', 'политическое консультирование']"
762,advice,Совет,noun,['valuable advice'],['ценная рекомендация']
763,advice,уведомление,noun,[],[]
764,advice,авизо,noun,['credit advice'],['кредитовое авизо']
765,advice,консультативная помощь,noun,[],[]
766,advice,информация,noun,[],[]
767,advice,консультативное заключение,noun,[],[]
768,advice,наставление,noun,[],[]
769,advice,консультационный,adjective,['advice bureau'],['консультационное бюро']
770,point,точка,noun,"['dew point temperature', 'upper dead point', 'zero point energy', 'new reference point', 'isolated singular point', 'ideal starting point', 'good entry point', 'basis point', 'tipping point']","['температура точки росы', 'верхняя мертвая точка', 'энергия нулевой точки', 'новая точка отсчета', 'изолированная особая точка', 'идеальная отправная точка', 'хорошая отправная точка', 'базисный пункт', 'переломный момент']"
771,point,очко,noun,"['bonus point', 'rating point']","['бонусное очко', 'рейтинговый балл']"
772,point,место,noun,['weak point'],['слабое место']
773,point,вопрос,noun,['sore point'],['больной вопрос']
774,point,пойнт,noun,[],[]
775,point,смысл,noun,['be no point'],['нет никакого смысла']
776,point,этап,noun,['completion point'],['этап завершения']
777,point,точка зрения,noun,[],[]
778,point,указывать,verb,['pointing device'],['указывающее устройство']
779,point,дело,verb,[],[]
780,point,отмечать,verb,[],[]
781,point,показать,verb,[],[]
782,point,подчеркивать,verb,[],[]
783,point,навести,verb,[],[]
784,point,точечный,adjective,['point light source'],['точечный источник света']
785,curriculum,учебный план,noun,[],[]
786,curriculum,курс обучения,noun,[],[]
787,curriculum,программа,noun,['history curriculum'],['программа по истории']
788,curriculum,куррикулум,noun,[],[]
789,curriculum,расписание,noun,[],[]
790,curriculum,содержание образования,noun,[],[]
791,tip,кончик,noun,"['white tail tip', 'tip of her finger', 'wing tips', 'stem tip']","['белый кончик хвоста', 'кончик пальца', 'концы крыльев', 'наконечник штока']"
792,tip,чаевые,noun,[],[]
793,tip,тонкий конец,noun,[],[]
794,tip,верхушка,noun,"['root tips', 'tip of the triangle']","['верхушки корней', 'вершина треугольника']"
795,tip,подсказка,noun,['last tip'],['последняя подсказка']
796,tip,Совет,noun,[],[]
797,tip,оконечность,noun,['tip of africa'],['оконечность африки']
798,tip,отзыв,noun,['good tip'],['хороший отзыв']
799,tip,полезный Совет,noun,[],[]
800,tip,зонд,noun,[],[]
801,tip,подачка,noun,[],[]
802,tip,вершинка,noun,[],[]
803,tip,наклонять,verb,[],[]
804,tip,опрокинуться,verb,[],[]
805,tip,давать чаевые,verb,[],[]
806,tip,на чай,adverb,[],[]
807,entire,целый,adjective,"['entire function', 'entire star system', 'entire city block', 'entire new world', 'entire generation of people', 'entire life cycle']","['целая функция', 'целая звездная система', 'целый городской квартал', 'целый новый мир', 'целое поколение людей', 'полный жизненный цикл']"
808,entire,целостный,adjective,['entire organism'],['целостный организм']
809,entire,весь,pronoun,[],[]
810,entire,целиком,adverb,[],[]
811,against,против,preposition,"['against the wind', 'delivery against payment', 'violence against women', 'vaccine against swine flu', 'movement against illegal immigration', 'protection against short circuit', 'vaccination against yellow fever', 'race against time']","['против ветра', 'поставка против платежа', 'насилие против женщин', 'вакцина против свиного гриппа', 'движение против нелегальной иммиграции', 'защита от короткого замыкания', 'прививка от желтой лихорадки', 'гонка на время']"
812,against,вопреки,preposition,['against all expectations'],['вопреки всем ожиданиям']
813,against,напротив,preposition,[],[]
814,against,по отношению,adverb,[],[]
815,against,на фоне,adverb,[],[]
816,hear,слышать,verb,"['hear strange noises', 'hear the sermon', 'hear a whisper', 'hear a song', 'hear the answer', 'hear the report', 'hear lectures']","['слышать странные звуки', 'слушать проповедь', 'услышать шепот', 'послушать песню', 'выслушать ответ', 'заслушать доклад', 'прослушать лекции']"
817,hear,узнать,verb,['hear the news'],['узнать новости']
818,hear,звучать,verb,[],[]
819,hear,слыхать,verb,[],[]
820,hear,расслышать,verb,[],[]
821,hear,заслышать,verb,[],[]
822,hear,слышный,adjective,[],[]
823,actually,фактически,adverb,[],[]
824,actually,действительно,adverb,[],[]
825,actually,вообще-то,adverb,[],[]
826,actually,по существу,adverb,[],[]
827,actually,как ни странно,adverb,[],[]
828,actually,фактический,adjective,[],[]
829,right,право,noun,[],[]
830,right,правая сторона,noun,[],[]
831,right,правда,noun,[],[]
832,right,правота,noun,[],[]
833,right,правый,adjective,"['right part', 'right mouse button', 'right engine failure', 'right gastric artery', 'right ventricular hypertrophy', 'right wing party', 'right index finger', 'right rear wheel', 'right step', 'right direction']","['правая часть', 'правая кнопка мыши', 'отказ правого двигателя', 'правая желудочная артерия', 'гипертрофия правого желудочка', 'партия правого крыла', 'правый указательный палец', 'правое заднее колесо', 'правильный шаг', 'верное направление']"
834,right,нужный,adjective,['right size'],['нужный размер']
835,right,подходящий,participle,[],[]
836,right,вправо,adverb,[],[]
837,right,правильно,adverb,[],[]
838,right,сразу,adverb,[],[]
839,right,хорошо,adverb,[],[]
840,right,прямо,particle,[],[]
841,else,еще,particle,['how else'],['как еще']
842,else,прочий,pronoun,[],[]
843,else,же еще,adverb,[],[]
844,else,чужой,adjective,[],[]
845,album,альбом,noun,"['latest album', 'debut solo album', 'double live album', 'album cover art', 'song from this album', 'commercially successful album', 'self titled album', 'vocal jazz album']","['последний альбом', 'дебютный сольный альбом', 'двойной концертный альбом', 'обложка альбома', 'песня с альбома', 'коммерчески успешный альбом', 'одноименный альбом', 'вокальный джазовый альбом']"
846,album,альбомный,adjective,[],[]
847,beer,пиво,noun,"['dark beer', 'beer in glass bottles', 'quality of its beer', 'cold beer']","['темное пиво', 'пиво в стеклянных бутылках', 'качество пива', 'холодное пивко']"
848,beer,сорт пива,noun,[],[]
849,beer,пивная,noun,[],[]
850,beer,пивной,adjective,[],[]
851,beer,пчелиный,adjective,[],[]
852,secret,секрет,noun,"['dirty little secret', 'commercial secret']","['маленький грязный секрет', 'коммерческая тайна']"
853,secret,тайный,adjective,"['secret ballot vote', 'secret police agent', 'secret revolutionary society', 'secret bank account', 'shared secret key', 'new secret weapon', 'secret military base', 'secret charm', 'secret doctrine', 'secret corners']","['тайное голосование', 'агент тайной полиции', 'тайное революционное общество', 'секретный банковский счет', 'общий секретный ключ', 'новое секретное оружие', 'секретная военная база', 'таинственное очарование', 'сокровенное учение', 'потаенные уголки']"
854,secret,потайной,adjective,['secret passage'],['потайной ход']
855,secret,скрытный,adjective,[],[]
856,secret,негласный,adjective,['secret surveillance'],['негласный надзор']
857,secret,закулисный,adjective,['secret game'],['закулисная игра']
858,secret,конспиративный,adjective,['secret apartment'],['конспиративная квартира']
859,secret,засекреченный,participle,[],[]
860,secret,скрытый,participle,[],[]
861,secret,закрытый,participle,[],[]
862,secret,затаенный,participle,[],[]
863,secret,тайно,adverb,[],[]
864,secret,в секрете,adverb,[],[]
865,guru,гуру,noun,"['root guru', 'great guru']","['коренной гуру', 'великий учитель']"
866,fashion,мода,noun,[],[]
867,fashion,стиль,noun,['sense of fashion'],['чувство стиля']
868,fashion,форма,noun,[],[]
869,fashion,способ,noun,['similar fashion'],['подобный образ']
870,fashion,модельер,noun,[],[]
871,fashion,веяние моды,noun,[],[]
872,fashion,модный,adjective,"['fashion accessory', 'own fashion house']","['модный аксессуар', 'собственный модный дом']"
873,fashion,модельный,adjective,[],[]
874,fashion,фасонировать,verb,[],[]
875,fashion,вылепить,verb,[],[]
876,submissively,покорно,adverb,[],[]
877,except,кроме,preposition,[],[]
878,except,исключая,preposition,[],[]
879,except,за исключением того,adverb,[],[]
880,except,кроме тех случаев,adverb,[],[]
881,star,звезда,noun,"['large red star', 'white dwarf star', 'light of distant stars', 'lone star state', 'wear a yellow star', 'star of main sequence', 'tiny star']","['большая красная звезда', 'белая карликовая звезда', 'свет далеких звезд', 'штат одинокой звезды', 'носить желтую звезду', 'звезда главной последовательности', 'крошечная звездочка']"
882,star,светило,noun,['world stars'],['мировые светила']
883,star,кинозвезда,noun,[],[]
884,star,стар,noun,[],[]
885,star,главные роли,noun,[],[]
886,star,дива,noun,[],[]
887,star,звездный,adjective,"['star wars', 'double star system']","['звездные войны', 'двойная звездная система']"
888,star,сниматься,verb,[],[]
889,star,играть главные роли,verb,[],[]
890,East,Восток,noun,[],[]
891,East,Восток страны,noun,[],[]
892,East,Восточное направление,noun,[],[]
893,East,восточный,adjective,[],[]
894,East,на Восток,adverb,[],[]
895,benefit,выгода,noun,"['mutual benefit', 'significant economic benefits', 'long term benefit', 'maximum benefit']","['взаимная выгода', 'значительные экономические выгоды', 'долгосрочная выгода', 'максимальная польза']"
896,benefit,преимущество,noun,['benefit of this method'],['преимущество этого метода']
897,benefit,привилегия,noun,['number of tax benefits'],['ряд налоговых льгот']
898,benefit,пособие,noun,"['social security benefit', 'various health benefits']","['социальное пособие', 'различные пособия']"
899,benefit,благо,noun,"['benefits of modern civilization', 'benefit of his people']","['блага современной цивилизации', 'благо своего народа']"
900,benefit,прибыль,noun,['net benefit'],['чистая прибыль']
901,benefit,эффект,noun,['external benefit'],['внешний экономический эффект']
902,benefit,выигрыш,noun,['performance benefit'],['выигрыш в производительности']
903,benefit,плод,noun,[],[]
904,benefit,приносить пользу,verb,[],[]
905,benefit,принести пользу,verb,[],[]
906,benefit,выигрывать,verb,[],[]
907,benefit,выгодный,adjective,[],[]
908,meeting,встреча,noun,"['important business meeting', 'meeting of finance ministers', 'meeting with local population', 'plenary meeting', 'expert group meeting', 'hold regular meetings', 'annual general meeting', 'trade union meeting', ""today's meeting""]","['важная деловая встреча', 'встреча министров финансов', 'встреча с местными жителями', 'пленарное заседание', 'заседание экспертной группы', 'проводить регулярные заседания', 'ежегодное общее собрание', 'профсоюзное собрание', 'сегодняшнее совещание']"
909,meeting,митинг,noun,['mass meeting'],['массовый митинг']
910,meeting,выполнение,noun,[],[]
911,meeting,собрание акционеров,noun,[],[]
912,meeting,свидание,noun,['secret meeting'],['тайное свидание']
913,meeting,съезд,noun,[],[]
914,meeting,встречающий,noun,[],[]
915,meeting,удовлетворяющий,participle,[],[]
916,meeting,встречающийся,participle,[],[]
917,quite,довольно,adverb,"['quite a lot', 'quite competitive', 'quite ordinary people', 'quite certain', 'quite large', 'quite small']","['довольно много', 'вполне конкурентоспособный', 'вполне обычные люди', 'совершенно уверенный', 'весьма большой', 'совсем небольшой']"
918,quite,немало,adverb,[],[]
919,quite,неплохой,adjective,[],[]
920,quite,самое,pronoun,[],[]
921,strength,сила,noun,"['inner strength', 'great physical strength', 'relative strength index', 'strength of heart contractions', 'strength of human spirit', 'military strength']","['внутренняя сила', 'большая физическая сила', 'индекс относительной силы', 'сила сердечных сокращений', 'сила человеческого духа', 'военная мощь']"
922,strength,прочность,noun,"['creep rupture strength', 'have sufficient strength', 'mental strength', 'strength of materials', 'cryptographic strength']","['длительная прочность', 'иметь достаточную прочность', 'психологическая устойчивость', 'сопротивление материалов', 'криптографическая стойкость']"
923,strength,напряженность,noun,['electric field strength'],['напряженность электрического поля']
924,strength,крепость,noun,['strength of egypt'],['крепость египта']
925,strength,численность,noun,['total strength'],['общая численность']
926,strength,достоинство,noun,[],[]
927,strength,мощность,noun,['maximum strength'],['максимальная мощность']
928,strength,сильная сторона,noun,[],[]
929,strength,усилие,noun,[],[]
930,strength,силовой,adjective,"['strength function', 'strength property']","['силовая функция', 'прочностная характеристика']"
931,strength,прочный,adjective,[],[]
932,ketchup,кетчуп,noun,['tomato ketchup'],['томатный кетчуп']
933,afterwards,впоследствии,adverb,[],[]
934,afterwards,потом,adverb,[],[]
935,afterwards,после этого,adverb,[],[]
936,afterwards,после,preposition,[],[]
937,beginner,начинающий,participle,[],[]
938,beginner,новичок,noun,['complete beginner'],['полный новичок']
939,beginner,начальный уровень,noun,[],[]
940,beginner,начинающий фотограф,noun,[],[]
941,beginner,начальный,adjective,['beginner level'],['начальный уровень']
942,final,окончательный,adjective,"['final court decision', 'final release version', 'draw a final conclusion', 'final energy consumption', 'final report']","['окончательное судебное решение', 'окончательная версия', 'сделать окончательный вывод', 'конечное потребление энергии', 'итоговый отчет']"
943,final,заключительный,adjective,"['final document', 'final stage', 'event final table', 'final straight']","['заключительный документ', 'заключительный этап', 'финальный стол', 'финишная прямая']"
944,final,последний,adjective,['final betting round'],['последний раунд']
945,final,выпускной,adjective,['final exams at school'],['выпускные экзамены в школе']
946,final,готовый,adjective,[],[]
947,final,завершающий,participle,[],[]
948,final,решающий,participle,[],[]
949,final,финал,noun,['world cup final'],['финал кубка мира']
950,final,завершение,noun,[],[]
951,final,выпускной экзамен,noun,[],[]
952,final,окончательно,adverb,[],[]
953,final,конечно,adverb,[],[]
954,agree,соглашаться,verb,['agree only'],['согласиться только']
955,agree,договариваться,verb,"['agree in advance', 'agree on price', 'agreed statement']","['договариваться заранее', 'договориться о цене', 'согласованное заявление']"
956,agree,согласоваться,verb,[],[]
957,agree,сходиться,verb,['agree in opinion'],['сойтись во мнениях']
958,agree,одобрить,verb,[],[]
959,agree,быть согласным,verb,[],[]
960,agree,сходиться во мнениях,verb,[],[]
961,agree,сговориться,verb,[],[]
962,alone,один,pronoun,[],[]
963,alone,таковая,pronoun,[],[]
964,alone,только,particle,[],[]
965,alone,исключительно,adverb,[],[]
966,alone,одиноко,adverb,[],[]
967,alone,в одиночку,adverb,[],[]
968,alone,самостоятельно,adverb,[],[]
969,alone,одинокий,adjective,[],[]
970,alone,единственный,adjective,[],[]
971,exam,экзамен,noun,"['oral exam', 'graduate school entrance exams', 'foreign language exam', 'breast exam', 'pelvic exam']","['устный экзамен', 'вступительные экзамены в аспирантуру', 'экзамен по иностранному языку', 'обследование груди', 'гинекологический осмотр']"
972,exam,испытание,noun,[],[]
973,exam,экзаменационный,adjective,['exam question'],['экзаменационный вопрос']
974,exercise,упражнение,noun,"['breathing exercise', 'endurance exercise']","['дыхательное упражнение', 'тренировка выносливости']"
975,exercise,осуществление,noun,"['exercise of human rights', 'exercise of governmental authority']","['осуществление прав человека', 'осуществление государственной власти']"
976,exercise,зарядка,noun,['morning exercise'],['утренняя зарядка']
977,exercise,занятие,noun,"['tactical exercise', 'objective of this exercise']","['тактическое занятие', 'цель этого мероприятия']"
978,exercise,гимнастика,noun,['therapeutic exercise'],['лечебная гимнастика']
979,exercise,учение,noun,['military training exercise'],['военное учение']
980,exercise,выполнение упражнения,noun,[],[]
981,exercise,экзерсис,noun,[],[]
982,exercise,моцион,noun,['daily exercise'],['ежедневный моцион']
983,exercise,занятие физкультурой,noun,[],[]
984,exercise,осуществлять,verb,['exercise jurisdiction'],['осуществить юрисдикцию']
985,exercise,упражнять,verb,[],[]
986,exercise,проявлять,verb,[],[]
987,exercise,использовать,verb,[],[]
988,exercise,оказывать,verb,['exercise significant influence'],['оказывать существенное влияние']
989,exercise,заниматься физическими упражнениями,verb,[],[]
990,child,ребенок,noun,"['mental disorders in children', 'child with cerebral palsy', 'children from rural areas', 'children with chronic illnesses']","['психические расстройства у детей', 'ребенок с церебральным параличом', 'дети из сельской местности', 'дети с хроническими заболеваниями']"
991,child,дитя,noun,['newborn child'],['новорожденное дитя']
992,child,детище,noun,[],[]
993,child,сын,noun,[],[]
994,child,потомок,noun,['children of abraham'],['потомки авраама']
995,child,чадо,noun,['spiritual child'],['духовное чадо']
996,child,детский,adjective,"[""children's home"", 'forced child labor', 'possessing child pornography', 'swimming pool for children', 'child safety seat']","['детский дом', 'принудительный детский труд', 'хранение детской порнографии', 'детский бассейн', 'детское кресло']"
997,child,дочерний,adjective,['child node'],['дочерний узел']
998,child,несовершеннолетний,adjective,[],[]
999,school,школа,noun,"['international summer school', 'higher technical school', 'public school system', 'martial arts school', 'middle school students', 'ballet school']","['международная летняя школа', 'высшая техническая школа', 'система государственных школ', 'школа боевых искусств', 'средние школы', 'балетная школа']"
1000,school,колледж,noun,['artillery school'],['артиллерийское училище']
1001,school,класс,noun,['junior school'],['младшие классы']
1002,school,учебное заведение,noun,[],[]
1003,school,факультет,noun,[],[]
1004,school,учеба,noun,[],[]
1005,school,занятия в школе,noun,[],[]
1006,school,школьный,adjective,"['school library', 'school football team', 'local school district', 'new school year']","['школьная библиотека', 'школьная футбольная команда', 'местный школьный округ', 'новый учебный год']"
1007,band,банда,noun,['band of marauders'],['банда мародеров']
1008,band,лента,noun,"['rubber band', 'frequency band', 'equal horizontal bands']","['резиновая лента', 'полоса частот', 'равные горизонтальные полосы']"
1009,band,оркестр,noun,"['military brass band', 'jazz band']","['военный духовой оркестр', 'джазовый ансамбль']"
1010,band,отряд,noun,"['guerrilla band', 'former band member', 'brand new band', 'heavy metal band', 'folk band']","['партизанский отряд', 'бывший член группы', 'новая группа', 'металлическая группа', 'фольклорный коллектив']"
1011,band,узы,noun,[],[]
1012,band,повязка,noun,['mourning band'],['траурная повязка']
1013,band,диапазон,noun,['amateur band'],['любительский диапазон']
1014,band,зона,noun,[],[]
1015,band,музыкальная группа,noun,[],[]
1016,band,ленточный,adjective,['band saw'],['ленточная пила']
1017,band,диапазонный,adjective,[],[]
1018,band,ленточнопильный,adjective,[],[]
1019,band,Band,foreign word,[],[]
1020,letter,письмо,noun,"['open letter', 'write love letters', 'copy of that letter', 'most recent letter', 'apostolic letter']","['открытое письмо', 'писать любовные письма', 'копия этого письма', 'последнее письмо', 'апостольское послание']"
1021,letter,буква,noun,"['lower case letter', 'use of capital letters', 'big red letters', 'initial letters of words', 'golden letter']","['строчная буква', 'использование заглавных букв', 'большие красные буквы', 'начальные буквы слов', 'золотая литера']"
1022,letter,грамота,noun,['gold letter'],['золотая грамота']
1023,letter,письмена,noun,[],[]
1024,letter,буквенный,adjective,[],[]
1025,letter,письменный,adjective,[],[]
1026,letter,Letters,foreign word,[],[]
1027,letter,писать письмо,verb,[],[]
1028,driving,вождение,noun,"['driving experience', 'reckless driving', 'single driving']","['опыт вождения', 'неосторожная езда', 'одиночное катание']"
1029,driving,управление,noun,[],[]
1030,driving,движение,noun,[],[]
1031,driving,руль,noun,[],[]
1032,driving,перегон,noun,[],[]
1033,driving,проходка,noun,[],[]
1034,driving,автовождение,noun,[],[]
1035,driving,забивка,noun,[],[]
1036,driving,движущий,participle,[],[]
1037,driving,движущийся,participle,[],[]
1038,driving,управляющий,participle,[],[]
1039,driving,въезжающий,participle,[],[]
1040,driving,приводящий в движение,participle,[],[]
1041,driving,гоняющий,participle,[],[]
1042,driving,приводной,adjective,['driving shaft'],['приводной вал']
1043,driving,ездовой,adjective,[],[]
1044,fishing,рыболовство,noun,"['sea fishing', 'ice fishing', 'shrimp fishing']","['морское рыболовство', 'подледный лов', 'промысел креветок']"
1045,fishing,Рыбная ловля,noun,[],[]
1046,fishing,рыболов,noun,[],[]
1047,fishing,удочка,noun,[],[]
1048,fishing,вылов рыбы,noun,[],[]
1049,fishing,ужение,noun,[],[]
1050,fishing,рыболовный,adjective,"['fishing net', 'small fishing village', 'old fishing boat', 'fishing vessel', 'fishing season', 'fishing fleet', 'fishing hamlet', 'fishing company', 'commercial fishing activity']","['рыболовная сеть', 'рыбацкая деревушка', 'старая рыбацкая лодка', 'рыболовецкое судно', 'промысловый сезон', 'рыбопромысловый флот', 'рыбачья деревушка', 'рыбопромышленная компания', 'рыбохозяйственная деятельность']"
1051,fishing,рыбодобывающий,adjective,[],[]
1052,fishing,ловильный,adjective,[],[]
1053,adjective,прилагательное,noun,[],[]
1054,adjective,определение,noun,[],[]
1055,adjective,характеристика,noun,[],[]
1056,dinner,обед,noun,"['official dinner', 'welcome dinner']","['официальный обед', 'приветственный ужин']"
1057,dinner,торжественный обед,noun,[],[]
1058,dinner,обеденный,adjective,['dinner table'],['обеденный стол']
1059,dinner,званый,adjective,[],[]
1060,America,Америка,noun,[],[]
1061,dependable,надежный,adjective,['dependable source'],['надежный источник']
1062,dependable,зависимый,adjective,[],[]
1063,dependable,заслуживающий доверия,participle,[],[]
1064,dependable,зависящий,participle,[],[]
1065,finally,окончательно,adverb,[],[]
1066,finally,в конце концов,adverb,[],[]
1067,finally,в заключение,adverb,[],[]
1068,finally,конечно,adjective,[],[]
1069,Belgium,Бельгия,noun,[],[]
1070,almost,почти,adverb,"['almost identical', 'almost simple group', 'almost complex structure', 'almost complete absence', 'almost straight line', 'almost exact copy', 'almost full moon', 'almost infinite number', 'almost every day']","['почти идентичный', 'почти простая группа', 'почти комплексная структура', 'почти полное отсутствие', 'почти прямая линия', 'почти точная копия', 'почти полная луна', 'почти бесконечное количество', 'практически каждый день']"
1071,almost,без малого,adverb,[],[]
1072,almost,чуть ли не,no_pos_available,[],[]
1073,secular,светский,adjective,"['secular state', 'secular way of life', 'secular society', 'secular equation']","['светское государство', 'светский образ жизни', 'мирское общество', 'секулярное уравнение']"
1074,secular,вековой,adjective,['secular variation'],['вековая вариация']
1075,secular,долговременный,adjective,[],[]
1076,secular,секуляристский,adjective,[],[]
1077,secular,мирянин,noun,[],[]
1078,secular,светскость,noun,[],[]
1079,far,дальний,adjective,"['far end', 'far left corner', 'far red light', 'far future']","['дальний конец', 'дальний левый угол', 'дальний красный свет', 'отдаленная перспектива']"
1080,far,далеко,adverb,[],[]
1081,far,гораздо,adverb,[],[]
1082,far,вдали,adverb,[],[]
1083,far,значительно,adverb,[],[]
1084,far,на большом расстоянии,adverb,[],[]
1085,far,далече,adverb,[],[]
1086,far,удаленный,participle,[],[]
1087,eighth,восьмой,numeral,['eighth grade'],['восьмой класс']
1088,eighth,восьмая часть,noun,[],[]
1089,eighth,восьмая,noun,[],[]
1090,exit,выход,noun,['emergency exit doors'],['двери аварийного выхода']
1091,exit,выезд,noun,['exit permit'],['разрешение на выезд']
1092,exit,уход,noun,[],[]
1093,exit,съезд,noun,[],[]
1094,exit,выйти,verb,"['exit the church', 'exit the stage']","['выходить из церкви', 'покинуть сцену']"
1095,exit,свернуть,verb,[],[]
1096,exit,выездной,adjective,['exit visa'],['выездная виза']
1097,exit,выходной,adjective,['exit pupil'],['выходной зрачок']
1098,everything,все,pronoun,[],[]
1099,everything,что угодно,pronoun,[],[]
1100,air,воздух,noun,"['air conditioning system', 'relative air humidity', 'ambient air temperature', 'atmospheric air pollution', 'compressed air consumption']","['система кондиционирования воздуха', 'относительная влажность воздуха', 'температура окружающего воздуха', 'загрязнение атмосферного воздуха', 'расход сжатого воздуха']"
1101,air,эфир,noun,['evening air'],['вечерний эфир']
1102,air,атмосфера,noun,['air protection'],['охрана атмосферы']
1103,air,авиация,noun,['air strike'],['удар авиации']
1104,air,самолет,noun,[],[]
1105,air,Эйр,noun,[],[]
1106,air,воздушный транспорт,noun,[],[]
1107,air,пневматический,adjective,"['air motor', 'air transport', 'air filter', 'commercial air transport', 'true air speed', 'warm air mass']","['пневматический двигатель', 'авиационный транспорт', 'воздушный фильтр', 'коммерческий воздушный транспорт', 'истинная воздушная скорость', 'теплая воздушная масса']"
1108,air,атмосферный,adjective,[],[]
1109,air,эфирный,adjective,['air channels'],['эфирные каналы']
1110,air,надувной,adjective,[],[]
1111,air,авиатранспортный,adjective,[],[]
1112,air,вентиляционный,adjective,[],[]
1113,air,проветривать,verb,[],[]
1114,air,транслировать,verb,[],[]
1115,below,ниже,adverb,[],[]
1116,below,внизу,adverb,['go below'],['идти вниз']
1117,below,далее,adverb,[],[]
1118,below,меньше,adverb,[],[]
1119,below,под,preposition,['meters below ground'],['метров под землей']
1120,below,нижеуказанный,adjective,[],[]
1121,dance,танец,noun,['dance of death'],['пляска смерти']
1122,dance,бал,noun,[],[]
1123,dance,танцевальная музыка,noun,[],[]
1124,dance,танцевальный вечер,noun,[],[]
1125,dance,танцевальное искусство,noun,[],[]
1126,dance,танцулька,noun,[],[]
1127,dance,хореография,noun,[],[]
1128,dance,танцевать,verb,['dance the waltz'],['танцевать вальс']
1129,dance,приплясывать,verb,[],[]
1130,dance,хореографический,adjective,"['popular dance music', 'new dance style']","['популярная танцевальная музыка', 'новый танцевальный стиль']"
1131,dance,плясовой,adjective,[],[]
1132,mother,мать,noun,"['other matron mothers', 'expectant mother', 'mother russia']","['верховные матери', 'будущая мама', 'матушка россия']"
1133,mother,мамаша,noun,['mother courage'],['мамаша кураж']
1134,mother,материнский,adjective,['mother board'],['материнская плата']
1135,mother,родной,adjective,['mother tongue'],['родной язык']
1136,mother,мамин,pronoun,[],[]
1137,everywhere,везде,adverb,['appear everywhere'],['появиться везде']
1138,everywhere,во всем мире,adverb,[],[]
1139,everywhere,куда бы,adverb,[],[]
1140,everywhere,сплошь,adverb,[],[]
1141,everywhere,вездесущий,adjective,[],[]
1142,order,порядок,noun,"['international economic order', 'partial order relation', 'reverse chronological order', 'new social order', 'articles in alphabetical order']","['международный экономический порядок', 'отношение частичного порядка', 'обратный хронологический порядок', 'новый общественный порядок', 'статьи в алфавитном порядке']"
1143,order,приказ,noun,"['direct order', 'court order', 'market order', 'payment order']","['прямой приказ', 'распоряжение суда', 'рыночный ордер', 'платежное поручение']"
1144,order,заказ,noun,['order processing system'],['система обработки заказов']
1145,order,орден,noun,['monastic order'],['монашеский орден']
1146,order,последовательность,noun,['logical order'],['логическая последовательность']
1147,order,строй,noun,['order of things'],['строй вещей']
1148,order,приказание,noun,['last order'],['последнее приказание']
1149,order,заказывать,verb,"['order a drink', 'ordered equipment']","['заказывать выпивку', 'заказанное оборудование']"
1150,order,приказывать,verb,"['order again', 'order immediately']","['приказывать снова', 'приказать немедленно']"
1151,order,упорядочить,verb,[],[]
1152,fail,неудача,noun,['power fail'],['сбой питания']
1153,fail,провалить,verb,['fail the exam'],['провалить экзамен']
1154,fail,не удаваться,verb,[],[]
1155,fail,потерпеть неудачу,verb,[],[]
1156,fail,подвести,verb,[],[]
1157,fail,недоставать,verb,[],[]
1158,fail,выйти из строя,verb,[],[]
1159,fail,провалиться,verb,[],[]
1160,fail,не смочь,verb,[],[]
1161,fail,рухнуть,verb,[],[]
1162,fail,не справиться,verb,[],[]
1163,fail,не сработать,verb,[],[]
1164,fail,не увенчаться успехом,verb,[],[]
1165,fail,не состояться,verb,[],[]
1166,fail,оказаться неудачным,verb,[],[]
1167,fail,окончиться неудачей,verb,[],[]
1168,fail,потерпеть провал,verb,[],[]
1169,fail,потерпеть фиаско,verb,[],[]
1170,everyone,все,pronoun,[],[]
1171,envelope,конверт,noun,"['sealed envelope', 'large brown envelope', 'plain white envelope', 'small envelope']","['запечатанный конверт', 'большой коричневый конверт', 'простой белый конверт', 'маленький конвертик']"
1172,envelope,оболочка,noun,['nuclear envelope'],['ядерная оболочка']
1173,envelope,колба,noun,[],[]
1174,envelope,огибающая,noun,['envelope generator'],['генератор огибающей']
1175,envelope,габарит,noun,['outer envelope'],['наружный габарит']
1176,envelope,оболочечный,adjective,[],[]
1177,freeze,замерзать,verb,"['freeze to death', 'frozen waterfall']","['замерзать до смерти', 'замерзший водопад']"
1178,freeze,замораживать,verb,"['freeze enemies', 'frozen product']","['замораживать врагов', 'замороженный продукт']"
1179,freeze,застывать,verb,['freeze in place'],['замереть на месте']
1180,freeze,примерзать,verb,[],[]
1181,freeze,зависать,verb,[],[]
1182,freeze,отморозить,verb,[],[]
1183,freeze,заледенеть,verb,[],[]
1184,freeze,вмерзнуть,verb,[],[]
1185,freeze,замораживание,noun,['deep freeze'],['глубокая заморозка']
1186,freeze,зависание,noun,[],[]
1187,freeze,мороз,noun,[],[]
1188,necessary,необходимый,adjective,"['absolutely necessary', 'necessary financial assistance', 'necessary spare parts', 'necessary medical care', 'take necessary measures', 'make necessary changes', 'draw the necessary conclusions', 'necessary source of energy', 'collect the necessary information', 'necessary measurements', 'necessary components']","['абсолютно необходимый', 'необходимая финансовая помощь', 'необходимые запасные части', 'необходимая медицинская помощь', 'принимать необходимые меры', 'вносить необходимые изменения', 'сделать необходимые выводы', 'необходимый источник энергии', 'собирать необходимую информацию', 'нужные замеры', 'обязательные компоненты']"
1189,necessary,неизбежный,adjective,['necessary evil'],['неизбежное зло']
1190,necessary,надобный,adjective,[],[]
1191,necessary,требуемый,participle,[],[]
1192,necessary,надо,predicative,[],[]
1193,necessary,надобность,noun,[],[]
1194,size,размер,noun,"['image size', 'mean particle size', 'maximum allowed size', 'minimum sample size', 'relatively small size', 'size of authorized capital', 'dog of medium size', 'rather large size', 'unlimited size', 'relative size', 'size of the economy']","['размер изображения', 'средний размер частиц', 'максимально допустимый размер', 'минимальный размер выборки', 'относительно малый размер', 'размер уставного капитала', 'собака среднего размера', 'достаточно большой размер', 'неограниченный объем', 'относительная величина', 'масштаб экономики']"
1195,size,формат,noun,['standard size'],['стандартный формат']
1196,size,емкость,noun,['size of the market'],['емкость рынка']
1197,size,диаметр,noun,[],[]
1198,size,габариты,noun,[],[]
1199,size,численность,noun,[],[]
1200,size,рост,noun,[],[]
1201,size,крупность,noun,['size class'],['класс крупности']
1202,size,кегль,noun,[],[]
1203,size,разм,noun,[],[]
1204,size,размерный,adjective,[],[]
1205,approbation,одобрение,noun,[],[]
1206,select,выбирать,verb,"['select only', 'select words', 'selected property', 'selected project']","['выбирать только', 'подбирать слова', 'выбранное свойство', 'отобранный проект']"
1207,select,избирать,verb,['selected topic'],['избранная тема']
1208,select,выделить,verb,['selected text'],['выделенный текст']
1209,select,указать,verb,[],[]
1210,select,отборный,adjective,['select group'],['отборная группа']
1211,select,отбор,noun,"['selected applicants', 'select menu']","['отбор претендентов', 'меню выбора']"
1212,read,читать,verb,"['read books', 'read fairy tales', 'read romance novels', 'read sheet music', 'read verse', 'read carefully', 'read a newspaper', 'read the article']","['читать книги', 'читать сказки', 'читать любовные романы', 'читать ноты', 'прочитать стих', 'прочесть внимательно', 'почитать газету', 'перечитать статью']"
1213,read,считывать,verb,['read head'],['считывающая головка']
1214,read,гласить,verb,[],[]
1215,read,зачитать,verb,[],[]
1216,read,начитаться,verb,[],[]
1217,read,чтение,noun,"['read permission', 'open reading frame']","['разрешение на чтение', 'открытая рамка считывания']"
